14042	the
9542	of
5661	and
5153	in
4605	to
3336	a
2671	that
2174	as
2085	have
2081	be
2039	is
1820	species
1764	which
1736	by
1623	or
1622	are
1493	it
1463	on
1422	for
1421	with
1383	from
1320	we
1294	this
1223	been
1106	but
1092	not
1026	same
959	their
949	i
921	other
826	at
808	has
801	some
799	one
785	they
760	will
733	so
732	an
724	more
723	all
693	would
656	may
638	each
629	these
606	many
585	can
582	any
539	if
536	forms
524	when
515	its
510	selection
491	natural
468	two
454	than
451	most
437	varieties
435	no
424	plants
413	animals
386	between
384	thus
373	very
364	there
364	several
356	different
354	great
352	distinct
346	such
341	case
335	only
331	life
323	our
322	those
321	being
311	much
311	long
310	cases
308	under
307	having
306	nature
299	conditions
298	first
291	now
289	see
289	how
289	had
286	were
284	into
280	new
277	even
275	must
275	during
270	could
270	certain
269	structure
263	do
261	number
257	through
257	often
253	common
251	period
250	should
247	parts
242	generally
241	time
240	less
236	he
234	was
234	them
234	become
231	well
228	though
226	another
222	part
219	yet
219	far
218	genera
215	degree
214	few
214	almost
212	might
205	modified
204	organs
202	form
201	large
201	instance
200	groups
200	characters
196	then
196	mr
196	manner
196	individuals
192	what
190	closely
190	birds
188	present
186	like
183	believe
179	whole
177	produced
172	given
172	differences
171	found
171	both
170	important
169	genus
168	intermediate
164	nearly
164	facts
163	variations
162	insects
161	together
161	still
161	fact
159	organic
159	modification
157	three
157	character
156	islands
155	why
154	widely
154	developed
153	cannot
153	allied
152	every
151	slight
150	within
150	view
148	me
148	little
146	world
144	state
144	beings
143	inhabitants
139	whether
139	habits
139	also
138	known
137	water
137	theory
137	here
136	domestic
135	young
135	small
135	namely
135	hybrids
134	sometimes
134	probably
131	means
130	parent
129	country
128	flowers
127	breeds
126	group
125	called
124	single
124	seeds
123	over
121	differ
120	us
120	extinct
120	either
119	however
119	formed
119	class
119	animal
118	seen
118	importance
117	variation
117	pollen
117	find
116	offspring
116	give
116	difficulty
116	amount
115	living
115	land
115	hence
114	good
113	man
113	his
112	up
112	seems
112	general
112	america
111	various
111	subject
111	after
110	descendants
110	always
109	individual
109	hand
108	action
107	sea
107	perfect
107	change
106	who
106	quite
106	greater
106	doubt
105	shown
105	shall
104	others
104	never
104	formation
104	difference
103	formations
101	order
101	know
101	geological
101	development
100	successive
100	sterility
99	variety
99	my
98	size
98	periods
98	crossed
97	south
97	own
97	organ
97	descended
97	come
97	again
96	use
96	productions
96	out
96	made
96	changes
95	principle
95	belonging
94	plant
94	naturalists
94	existing
94	ancient
93	power
93	highly
93	flower
92	inherited
92	hardly
91	numbers
91	does
90	similar
90	least
89	show
89	process
89	old
89	early
88	understand
88	look
88	instincts
87	years
87	tendency
86	without
86	formerly
86	existence
86	eggs
86	chapter
85	work
85	increase
85	generations
85	best
84	variability
84	true
84	struggle
84	rudimentary
84	numerous
84	climate
84	breed
84	advantage
83	related
83	organisation
83	latter
83	kind
83	former
83	descent
83	alone
83	according
83	above
82	throughout
82	respect
82	europe
82	etc
82	close
82	although
81	perhaps
81	kinds
81	fertility
81	extremely
80	possible
80	points
80	bees
80	adapted
79	modifications
79	mammals
79	existed
79	ever
79	consequently
78	vary
78	reason
78	progenitor
78	high
78	condition
78	complex
77	supposed
77	slowly
77	produce
77	marked
77	lower
77	further
77	certainly
77	cause
77	before
76	seed
76	remarked
76	likewise
75	tend
75	probable
75	once
75	feet
74	where
74	short
74	nor
74	appear
73	stage
73	place
73	peculiar
73	food
73	evidence
72	relation
72	members
72	classes
72	area
71	suppose
71	sterile
71	favourable
71	effects
71	already
70	wide
70	sub
70	ordinary
70	due
70	course
70	better
69	variable
69	slightly
69	north
69	make
69	larger
69	island
69	improved
69	acquired
68	side
68	occasionally
68	about
67	pigeon
67	length
67	inheritance
67	dr
67	distant
67	changed
66	instinct
66	habit
66	chance
65	rendered
65	laws
65	last
65	extinction
65	continent
64	result
64	range
64	act
63	rule
63	races
63	perfectly
63	occur
63	greatly
63	gradations
63	fertile
63	cells
63	body
62	while
62	trees
62	remarkable
62	parents
62	inhabiting
62	head
62	extreme
62	extent
61	wings
61	structures
61	special
61	simple
61	said
61	male
61	let
61	instances
61	higher
61	areas
61	am
61	age
60	useful
60	resemblance
60	ranked
60	mind
60	family
60	families
59	united
59	system
59	glacial
59	crosses
59	considered
59	bird
59	apparently
58	states
58	ought
58	nest
58	left
58	intervals
58	fish
58	exist
58	causes
57	preserved
57	observed
57	mere
57	males
57	distribution
57	cross
56	remarks
56	purpose
56	especially
55	used
55	strongly
55	slow
55	sexual
55	fishes
55	continued
55	colour
54	wild
54	until
54	therefore
54	separated
54	fully
54	fresh
54	beak
54	able
53	stages
53	largely
53	admit
52	unknown
52	think
52	shells
52	record
52	physical
52	legs
52	law
52	kept
52	exposed
52	classification
52	bee
51	taken
51	series
51	seem
51	resemble
51	relations
51	rare
51	necessary
51	lost
51	explained
51	effected
51	did
51	created
51	belief
50	take
50	regard
50	places
50	increased
50	difficult
50	creation
50	analogous
49	wholly
49	value
49	surface
49	specific
49	origin
49	highest
49	four
49	fitted
49	domestication
49	disuse
49	day
49	countries
49	appearance
48	upper
48	horse
48	history
48	growth
48	eye
48	connected
48	competition
47	twenty
47	striking
47	soon
47	clearly
46	placed
46	owing
46	occurred
46	mountains
46	migration
46	hybrid
46	f
46	embryo
46	conclusion
46	adult
45	tree
45	terrestrial
45	tail
45	rock
45	rarely
45	occasional
45	lines
45	independently
45	geographical
45	crossing
45	corresponding
44	varying
44	strictly
44	since
44	remote
44	regions
44	professor
44	point
44	nothing
44	live
44	links
44	just
44	insect
44	earth
43	tertiary
43	remains
43	recent
43	rank
43	proper
43	organisms
43	oceanic
43	leaves
43	full
43	dominant
43	confined
43	compared
43	cattle
43	american
42	wax
42	themselves
42	term
42	southern
42	rocks
42	plainly
42	lesser
42	generation
42	explanation
41	wonderful
41	way
41	varied
41	steps
41	shape
41	secondary
41	reproductive
41	rate
41	prey
41	pigeons
41	orders
41	open
41	northern
41	liable
41	frequently
41	females
41	eyes
41	external
41	down
41	degrees
41	coloured
41	archipelago
41	among
40	towards
40	temperate
40	space
40	somewhat
40	sexes
40	round
40	region
40	recently
40	line
40	light
40	larvae
40	freely
40	female
40	diagram
40	circumstances
40	away
40	affinities
40	admitted
40	account
39	sides
39	nevertheless
39	necessarily
39	marine
39	making
39	lived
39	lately
39	infer
39	because
39	ages
38	times
38	stigma
38	spread
38	serve
38	scale
38	near
38	fossil
38	easily
38	earlier
38	depends
38	crustaceans
38	considerable
38	average
38	australia
38	accumulated
37	vast
37	suddenly
37	opposite
37	furnished
37	domesticated
37	curious
37	bear
36	wing
36	whereas
36	transitional
36	teeth
36	six
36	preservation
36	position
36	organism
36	naturally
36	moreover
36	m
36	itself
36	her
36	equal
36	doubtful
36	discovered
36	difficulties
36	definite
36	converted
36	constitution
36	comparison
36	branches
36	beds
36	authors
36	appeared
35	transmitted
35	second
35	say
35	respects
35	ranges
35	production
35	naturalist
35	miles
35	inhabited
35	homologous
35	hive
35	follow
35	enabled
35	effect
35	destruction
35	continents
35	arctic
35	against
34	too
34	thought
34	succession
34	strange
34	stamens
34	slaves
34	sir
34	mouth
34	level
34	including
34	imperfect
34	go
34	following
34	five
34	fertilised
34	explain
34	european
34	diversified
34	conclude
33	whatever
33	uniform
33	stand
33	severe
33	right
33	mountain
33	indeed
33	gartner
33	feathers
33	equally
33	element
33	continuous
33	compare
33	community
33	brought
33	bones
33	beautiful
33	ants
33	affinity
33	affected
33	advanced
32	utterly
32	sufficient
32	subsequently
32	reduced
32	race
32	possess
32	off
32	fruit
32	foregoing
32	extraordinary
32	end
32	direct
32	de
32	cuckoo
32	considering
32	commonly
32	cell
32	capable
32	c
32	became
32	appears
31	useless
31	surrounding
31	smaller
31	shows
31	question
31	particular
31	original
31	older
31	ocean
31	jaws
31	invariably
31	ground
31	gives
31	future
31	function
31	finally
31	duck
31	directly
31	carried
31	aid
30	workers
30	unless
30	thousand
30	sheep
30	sense
30	relative
30	proved
30	nests
30	naturalised
30	low
30	limbs
30	isolated
30	innumerable
30	independent
30	hooker
30	gradual
30	fossils
30	expect
30	destroyed
30	chiefly
30	changing
30	broken
30	along
30	air
30	africa
30	acts
29	usually
29	universal
29	trifling
29	sudden
29	strong
29	stock
29	standard
29	separate
29	pure
29	possibly
29	partly
29	nearest
29	longer
29	hereafter
29	growing
29	follows
29	exactly
29	dogs
29	district
29	distance
29	discussed
29	described
29	completely
29	carefully
29	asked
29	arrangement
29	across
29	accumulation
28	upon
28	skin
28	similarity
28	results
28	represented
28	raised
28	quadrupeds
28	proportion
28	play
28	perfection
28	mutual
28	looking
28	led
28	instead
28	dog
28	divergence
28	days
28	constructed
28	constant
28	consider
28	actually
28	absolutely
27	zealand
27	something
27	simultaneously
27	showing
27	shores
27	shell
27	past
27	originally
27	objections
27	mivart
27	mature
27	lastly
27	injurious
27	incipient
27	horses
27	greatest
27	flight
27	derived
27	correlated
27	beneficial
26	views
26	truth
26	thickness
26	tends
26	stocked
26	solely
26	selected
26	remain
26	real
26	rather
26	progenitors
26	obvious
26	multitude
26	leads
26	graduated
26	favoured
26	exterminated
26	exclusively
26	epoch
26	enormous
26	continually
26	comes
26	cambrian
26	becomes
26	bats
26	agency
26	absence
25	struck
25	sediment
25	rise
25	reproduction
25	represent
25	really
25	principles
25	presence
25	possessed
25	minute
25	lead
25	later
25	impossible
25	half
25	fly
25	fixed
25	expected
25	eight
25	economy
25	division
25	determine
25	cold
25	cirripedes
25	attempted
25	applied
25	answer
25	analogy
24	yield
24	year
24	works
24	ways
24	undoubtedly
24	undergone
24	turn
24	transported
24	subordinate
24	subjected
24	strata
24	service
24	retained
24	reptiles
24	red
24	readily
24	objects
24	interesting
24	intercrossing
24	increasing
24	gained
24	convinced
24	commencement
24	collected
24	birth
24	believes
24	believed
24	afterwards
24	adjoining
23	tried
23	subsidence
23	saw
23	reasons
23	producing
23	palaeozoic
23	offer
23	object
23	mongrels
23	merely
23	lyell
23	leading
23	identical
23	hundred
23	geology
23	generic
23	facility
23	enter
23	egg
23	diversity
23	direction
23	deposited
23	considerations
23	bodies
23	blue
23	belong
23	bearing
23	assuredly
23	arise
23	aquatic
23	add
23	adaptation
23	acted
22	white
22	ultimately
22	truly
22	thick
22	surprising
22	specially
22	safely
22	run
22	remained
22	profitable
22	powers
22	pistil
22	muller
22	matter
22	main
22	lapse
22	horns
22	hold
22	hatched
22	force
22	followed
22	england
22	enemies
22	districts
22	deposits
22	defined
22	britain
22	blood
22	back
22	attributed
22	attribute
22	aboriginal
21	weight
21	type
21	transport
21	third
21	survival
21	surprise
21	supposing
21	she
21	sex
21	seedlings
21	scarcely
21	reversion
21	representative
21	quickly
21	perfected
21	pass
21	parasitic
21	observations
21	native
21	myself
21	mother
21	migrated
21	mass
21	man's
21	maintained
21	madeira
21	lowest
21	lamellae
21	insisted
21	inexplicable
21	india
21	illustration
21	illegitimate
21	him
21	habitually
21	gain
21	free
21	fertilisation
21	experiments
21	except
21	enough
21	endemic
21	eminently
21	embryos
21	embryonic
21	duration
21	doctrine
21	distinction
21	depend
21	covered
21	complete
21	central
21	candolle
21	breeding
21	beneath
21	attached
21	arrived
21	ago
21	admirable
20	volume
20	ten
20	supplant
20	sufficiently
20	succeed
20	subsequent
20	stocks
20	specimens
20	simply
20	seldom
20	sake
20	reciprocal
20	petals
20	pair
20	organised
20	none
20	nectar
20	likely
20	judge
20	influence
20	hope
20	hemisphere
20	gradually
20	get
20	fine
20	extended
20	exception
20	excellent
20	endure
20	embedded
20	elsewhere
20	cultivated
20	comb
20	clear
20	chief
20	botanists
20	born
20	base
20	assumed
20	assume
20	alpine
20	advantageous
20	accordance
20	abrupt
19	types
19	systems
19	succeeding
19	stripes
19	spheres
19	similarly
19	purposes
19	physiological
19	passed
19	parallel
19	owen
19	need
19	meet
19	mainland
19	local
19	lay
19	jaw
19	inhabit
19	infinitely
19	indispensable
19	includes
19	implies
19	hear
19	grains
19	forming
19	flying
19	feel
19	extermination
19	elements
19	double
19	done
19	dispersal
19	climates
19	caused
19	branch
19	black
19	beetles
19	attention
18	whilst
18	viscid
18	unite
18	twelve
18	tumbler
18	support
18	standing
18	set
18	resemblances
18	remember
18	reach
18	published
18	prevent
18	plates
18	permanent
18	parallelism
18	opposed
18	objection
18	membrane
18	kingdom
18	included
18	include
18	improvement
18	improbable
18	ignorant
18	height
18	hair
18	goose
18	gone
18	giving
18	floated
18	faunas
18	excepting
18	e
18	divided
18	discuss
18	diffused
18	differed
18	consecutive
18	confinement
18	co
18	classed
18	characteristic
18	capacity
18	british
18	bat
18	ass
18	alike
18	aided
17	wall
17	vegetable
17	universally
17	unconscious
17	trace
17	thousands
17	systematic
17	swim
17	survive
17	supported
17	supplanted
17	study
17	striped
17	statement
17	stated
17	spot
17	source
17	silurian
17	serious
17	rules
17	retain
17	removed
17	reared
17	rapid
17	put
17	proportional
17	played
17	next
17	movement
17	meant
17	masters
17	lowlands
17	leg
17	leave
17	larva
17	inevitably
17	immense
17	ignorance
17	hours
17	homes
17	geologists
17	genealogical
17	galapagos
17	flat
17	face
17	examples
17	doubted
17	disappear
17	differs
17	deviations
17	correlation
17	consideration
17	composed
17	becoming
17	beauty
17	appearing
17	apparent
17	annually
17	allowed
17	actual
17	accounted
17	abnormal
16	wonderfully
16	urged
16	union
16	unimportant
16	treated
16	sure
16	summary
16	step
16	spaces
16	return
16	required
16	relationship
16	ranging
16	quarters
16	progress
16	prevented
16	plains
16	perish
16	performed
16	occurs
16	modify
16	marks
16	majority
16	mainly
16	lies
16	keep
16	interval
16	humble
16	home
16	h
16	grafted
16	glands
16	giraffe
16	functions
16	frequent
16	fossiliferous
16	feed
16	extend
16	experience
16	exceptions
16	examined
16	escape
16	entirely
16	divisions
16	divergent
16	differing
16	differently
16	determined
16	construction
16	connecting
16	care
16	butterflies
16	briefly
16	breeders
16	borne
16	bond
16	blind
16	believing
16	beaks
16	attended
16	argument
16	analogical
16	altered
16	affect
16	added
15	worth
15	whose
15	vigorous
15	unusual
15	undergo
15	till
15	supply
15	st
15	spontaneous
15	sort
15	slave
15	singular
15	shallow
15	seven
15	seize
15	seeing
15	seas
15	rich
15	remark
15	regularly
15	rarer
15	rapidly
15	provided
15	protected
15	progeny
15	probability
15	plan
15	pedicellariae
15	peculiarities
15	palaeontologists
15	otherwise
15	oceans
15	occupied
15	named
15	million
15	marsupials
15	makes
15	limit
15	latitude
15	larval
15	labour
15	intelligible
15	immediately
15	idea
15	huber
15	flora
15	fittest
15	feeding
15	extensive
15	english
15	enclosed
15	dry
15	discovery
15	depth
15	currents
15	coast
15	clover
15	closest
15	caves
15	cape
15	call
15	branchiae
15	blown
15	beyond
15	battle
15	barriers
15	australian
15	asserted
15	apply
15	antennae
15	acknowledged
15	accidental
15	aborted
14	worlds
14	working
14	wolf
14	whale
14	visited
14	vigour
14	tropical
14	trimorphic
14	transition
14	thirty
14	suffer
14	shoulder
14	serving
14	reappear
14	pupae
14	portion
14	outer
14	oscillations
14	orchids
14	observer
14	objected
14	nine
14	neuters
14	neither
14	mongrel
14	mental
14	member
14	mammalia
14	limits
14	leaf
14	kolreuter
14	judgment
14	introduced
14	innate
14	informs
14	indefinite
14	incidental
14	immigration
14	hind
14	grown
14	grades
14	gradation
14	fritz
14	foreign
14	forbes
14	felt
14	favour
14	everywhere
14	elongated
14	eastern
14	disturbed
14	distinguished
14	dimorphic
14	details
14	detail
14	defence
14	death
14	constantly
14	considerably
14	conclusions
14	concerned
14	characterised
14	causing
14	careful
14	besides
14	basins
14	author
14	attempt
14	ascertained
14	apt
14	apparatus
14	agassiz
14	adaptive
13	whales
13	western
13	waters
13	wallace
13	w
13	vertebrata
13	unequal
13	undergoing
13	turning
13	things
13	terms
13	tell
13	stripe
13	strength
13	stems
13	specifically
13	serviceable
13	self
13	seasons
13	sanguinea
13	sack
13	resembling
13	raise
13	presenting
13	plain
13	pistils
13	obscure
13	notice
13	nerves
13	nascent
13	narrow
13	movements
13	middle
13	men
13	meaning
13	materials
13	masses
13	mandible
13	maintain
13	lowly
13	looked
13	leaving
13	laid
13	irregular
13	intercrossed
13	inclined
13	hermaphrodites
13	heath
13	hard
13	gray
13	grass
13	fourth
13	fourteen
13	fore
13	foot
13	fauna
13	fantail
13	false
13	expression
13	essential
13	endowed
13	endless
13	eminent
13	dozen
13	displayed
13	degradation
13	compelled
13	climbing
13	checked
13	build
13	bred
13	benefit
13	bed
13	baleen
13	avicularia
13	arranged
13	anthers
13	ancestor
13	alluded
13	adaptations
12	yielded
12	words
12	wind
12	wherever
12	watson
12	vibracula
12	vertebrate
12	vertebrae
12	toes
12	thrush
12	thin
12	taking
12	takes
12	switzerland
12	surviving
12	surprised
12	summits
12	success
12	stations
12	statements
12	specified
12	speak
12	southward
12	serves
12	sensitive
12	segments
12	sedimentary
12	secondly
12	score
12	rodents
12	rising
12	retaining
12	require
12	quality
12	qualities
12	prove
12	proceeding
12	previously
12	poor
12	plata
12	passage
12	ostrich
12	ones
12	oftenest
12	occurrence
12	observers
12	mean
12	manifest
12	malay
12	lives
12	limited
12	lie
12	late
12	instinctive
12	inorganic
12	indian
12	imperfectly
12	horizontal
12	honey
12	holds
12	greyhound
12	governing
12	gigantic
12	geometrical
12	fundamental
12	forget
12	flowering
12	fin
12	extraordinarily
12	expressed
12	explains
12	example
12	essentially
12	equator
12	enormously
12	embryology
12	embryological
12	elephant
12	diverging
12	diverged
12	distinguish
12	dissimilar
12	disputed
12	disappeared
12	diminished
12	determining
12	detected
12	decrease
12	decide
12	consists
12	connect
12	competitors
12	comparatively
12	cautious
12	beasts
12	bases
12	bars
12	b
12	authority
12	astonishing
12	assigned
12	aphides
12	ant
12	alph
12	agree
12	agencies
12	active
12	acting
12	accumulating
11	zones
11	welfare
11	webbed
11	varies
11	utmost
11	unlike
11	understanding
11	unconsciously
11	suspected
11	spreading
11	specialised
11	skull
11	situated
11	sessile
11	selecting
11	search
11	revert
11	restricted
11	resist
11	recur
11	reader
11	rarity
11	propagated
11	pretend
11	preserve
11	possessor
11	possession
11	polymorphic
11	pattern
11	pacific
11	oldest
11	notorious
11	neuter
11	nerve
11	neck
11	movable
11	mouse
11	migrate
11	mice
11	measured
11	maturity
11	lofty
11	layer
11	lands
11	knows
11	knowledge
11	killed
11	j
11	isolation
11	internal
11	interbreeding
11	insensibly
11	informed
11	infinite
11	inferred
11	indirectly
11	incredible
11	imperfection
11	hermaphrodite
11	heads
11	grow
11	green
11	germinated
11	geese
11	garden
11	fifth
11	fewer
11	fatal
11	fairly
11	faced
11	exterminate
11	experienced
11	elevation
11	elapsed
11	easy
11	earliest
11	drawn
11	distances
11	destitute
11	deposition
11	denudation
11	crustacea
11	crop
11	creature
11	correct
11	contingencies
11	competent
11	colours
11	colonists
11	clothed
11	check
11	chapters
11	chain
11	centuries
11	came
11	breathing
11	branching
11	branched
11	bottom
11	blank
11	beetle
11	beaten
11	barren
11	aware
11	asa
11	anterior
11	altogether
11	advantages
11	advance
11	accuracy
10	zebra
10	yellow
10	wood
10	whence
10	warmer
10	vegetation
10	unusually
10	unnatural
10	unaltered
10	trying
10	thrown
10	throw
10	thoroughly
10	test
10	tells
10	suspect
10	suggested
10	suffice
10	suffered
10	spoken
10	soil
10	social
10	simultaneous
10	sight
10	seemed
10	savages
10	rest
10	resembles
10	representing
10	reflect
10	recorded
10	recognised
10	receive
10	protection
10	produces
10	pouter
10	peculiarity
10	partially
10	ovules
10	occurring
10	nutriment
10	notwithstanding
10	newly
10	name
10	mud
10	monstrous
10	monstrosities
10	modern
10	mingled
10	milk
10	methodical
10	metamorphosis
10	metamorphosed
10	metamorphic
10	melipona
10	material
10	linked
10	letters
10	lessened
10	lens
10	lays
10	la
10	judging
10	insuperable
10	inferior
10	imaginary
10	ill
10	hexagonal
10	happen
10	grand
10	graduate
10	goes
10	founded
10	foster
10	fluctuating
10	florets
10	filled
10	fifty
10	fed
10	familiar
10	fall
10	experiment
10	excessively
10	error
10	equatorial
10	entire
10	endeavoured
10	electric
10	efficient
10	doubts
10	disappearance
10	destroy
10	deserves
10	deny
10	delicate
10	dead
10	dark
10	continuously
10	continental
10	constitute
10	consequence
10	conjecture
10	conceivable
10	completed
10	compete
10	closer
10	circle
10	chickens
10	chalk
10	cave
10	carry
10	carrier
10	carnivorous
10	butterfly
10	break
10	bladder
10	assert
10	asks
10	arising
10	arisen
10	arguments
10	approach
10	applicable
10	anticipated
10	afforded
10	adds
10	accord
10	absolute
10	aboriginally
9	worked
9	woodpecker
9	wollaston
9	wish
9	winter
9	visits
9	vision
9	valuable
9	utter
9	usual
9	unity
9	unions
9	understood
9	unable
9	twigs
9	treatises
9	treat
9	touch
9	strengthened
9	straight
9	stem
9	stands
9	stalk
9	spring
9	specialisation
9	sixty
9	shoveller
9	shorter
9	served
9	separation
9	separating
9	sepals
9	sent
9	seizing
9	section
9	reversed
9	remembered
9	rejected
9	reduction
9	ray
9	ratio
9	rash
9	quantity
9	quadruped
9	properly
9	propagate
9	prodigious
9	proceeded
9	proboscis
9	prevail
9	preserving
9	prepotent
9	prehensile
9	preceding
9	practice
9	plumage
9	perform
9	passing
9	ovarium
9	originated
9	opposition
9	opinion
9	obtain
9	natives
9	muscles
9	modifying
9	met
9	lungs
9	list
9	linking
9	languages
9	keeping
9	judges
9	jointed
9	intersection
9	intercross
9	instrument
9	incomparably
9	incapable
9	immigrants
9	identically
9	hoofed
9	herbert
9	hemispheres
9	happened
9	guide
9	grouped
9	grafting
9	governed
9	globe
9	gills
9	fruits
9	forty
9	forced
9	final
9	fill
9	experimented
9	exists
9	excess
9	established
9	effectually
9	edges
9	dried
9	diverse
9	dissimilarity
9	discover
9	deviation
9	deposit
9	dependent
9	deep
9	crust
9	croll
9	creator
9	corolla
9	contrivances
9	contrivance
9	containing
9	coming
9	closed
9	circumstance
9	chosen
9	child
9	checks
9	centres
9	centre
9	caterpillar
9	cat
9	castes
9	buds
9	boulders
9	blended
9	belonged
9	beautifully
9	barrande
9	balance
9	arms
9	ample
9	admission
9	abstract
9	abruptly
9	aberrant
8	written
8	winged
8	widest
8	wider
8	whenever
8	waves
8	warmth
8	wander
8	walls
8	volcanic
8	voice
8	upraised
8	unfavourable
8	twining
8	tubes
8	travel
8	transmit
8	throws
8	surfaces
8	superfluous
8	summit
8	succeeded
8	stronger
8	star
8	stalks
8	spines
8	spherical
8	snakes
8	slightest
8	sixth
8	simplest
8	seized
8	sections
8	secretion
8	season
8	scanty
8	says
8	saved
8	rudiments
8	revolving
8	reveal
8	requisite
8	repeatedly
8	repeated
8	refer
8	read
8	reached
8	rabbits
8	questions
8	quarter
8	proportions
8	profound
8	presently
8	poultry
8	potent
8	polity
8	planes
8	pigment
8	pictet
8	pelvis
8	palate
8	ova
8	obviously
8	noticed
8	normal
8	ninety
8	necessity
8	nearer
8	naked
8	mutually
8	morphology
8	morphological
8	molluscs
8	mocking
8	memoir
8	measurements
8	marvel
8	marsupial
8	mark
8	mammal
8	layers
8	language
8	knowing
8	kingdoms
8	inter
8	insectivorous
8	inherit
8	improve
8	imagination
8	identity
8	human
8	hooks
8	himself
8	hilaire
8	hen
8	heard
8	grasses
8	glaciers
8	game
8	fusca
8	frena
8	forgotten
8	floating
8	flesh
8	firmly
8	fir
8	failed
8	fail
8	excited
8	evolution
8	eocene
8	endured
8	earth's
8	dun
8	devoured
8	deserve
8	depths
8	degraded
8	definition
8	deeply
8	cuttle
8	conversely
8	contrast
8	continue
8	constitutional
8	confines
8	compounded
8	compensation
8	comparing
8	combined
8	colouring
8	collecting
8	climatical
8	cliffs
8	classing
8	classifications
8	charles
8	cease
8	cats
8	catch
8	capsule
8	building
8	bringing
8	batrachians
8	bates
8	axis
8	assured
8	artificial
8	around
8	anything
8	alternate
8	allude
8	allies
8	afford
8	adults
8	admitting
8	admits
8	adding
8	adapt
8	acquire
8	accords
8	accompanied
8	abundant
8	absent
7	writers
7	worn
7	whom
7	watched
7	visit
7	victorious
7	valid
7	vain
7	utility
7	uses
7	upward
7	uppermost
7	upland
7	unoccupied
7	unintentionally
7	unequally
7	umbelliferae
7	twice
7	tumblers
7	trusted
7	tridactyle
7	transportal
7	transparent
7	transitions
7	tracts
7	traces
7	tissue
7	tint
7	thirdly
7	territory
7	temperature
7	tarsi
7	systematists
7	swimming
7	swept
7	swarms
7	survived
7	superior
7	sum
7	sucking
7	successful
7	subaerial
7	styled
7	style
7	striving
7	stratum
7	stored
7	steadily
7	station
7	squirrels
7	spine
7	speaking
7	sown
7	smith
7	skilful
7	sizes
7	simpler
7	sifting
7	shaken
7	sets
7	serrated
7	serial
7	select
7	secreted
7	se
7	science
7	satisfactory
7	salt
7	ruminants
7	rudiment
7	root
7	rises
7	ridge
7	respiration
7	relatively
7	reject
7	referred
7	ready
7	pupa
7	propositions
7	proof
7	project
7	product
7	problem
7	previous
7	presume
7	pressure
7	presented
7	practically
7	powerful
7	possessing
7	positively
7	portions
7	pond
7	pigs
7	permitted
7	perceive
7	passes
7	particularly
7	ornithorhynchus
7	obscured
7	nourished
7	northward
7	non
7	nervous
7	multiple
7	mouths
7	molothrus
7	moderately
7	mode
7	mocked
7	mivart's
7	margin
7	lying
7	lubbock
7	littoral
7	lengths
7	legitimate
7	learned
7	ithomia
7	introduction
7	information
7	infertility
7	indicated
7	inches
7	inch
7	immutability
7	immersion
7	imagined
7	hypothesis
7	hundreds
7	huge
7	host
7	horny
7	holes
7	hitherto
7	granite
7	germination
7	geoffroy
7	fur
7	front
7	fragments
7	forward
7	forces
7	flock
7	flexible
7	fitting
7	fins
7	fifteen
7	fertilising
7	feral
7	fear
7	fanciers
7	falsely
7	falconer
7	extends
7	exclusive
7	examining
7	examine
7	especial
7	eleven
7	efficiently
7	drop
7	driven
7	diversification
7	distinguishing
7	dispute
7	diffusion
7	define
7	decided
7	cutting
7	cut
7	curved
7	countless
7	corporeal
7	cordillera
7	convenience
7	contrary
7	constitutions
7	conspicuous
7	consist
7	considers
7	connexion
7	confine
7	complicated
7	colonel
7	collection
7	collect
7	climbers
7	century
7	caught
7	caudicle
7	calcareous
7	cabbage
7	bucket
7	bronn
7	bring
7	breeder
7	blending
7	began
7	bears
7	basal
7	barred
7	barb
7	avoid
7	authorities
7	attacks
7	atlantic
7	associated
7	asserts
7	ascending
7	artificially
7	articulata
7	arrive
7	applies
7	appendages
7	allow
7	alive
7	affecting
7	admire
7	actions
7	acclimatisation
6	yields
6	yielding
6	worms
6	worm
6	word
6	womb
6	withstand
6	width
6	wheat
6	west
6	weak
6	waterhouse
6	warm
6	want
6	vital
6	victory
6	vertical
6	vermilion
6	verde
6	valves
6	valued
6	unmistakable
6	uniformity
6	undoubted
6	try
6	trouble
6	transformations
6	touched
6	totally
6	tongue
6	told
6	threads
6	tendrils
6	tending
6	tempted
6	tails
6	tables
6	symmetrical
6	surrounded
6	supposes
6	supervened
6	suck
6	studied
6	streams
6	strain
6	stones
6	stamp
6	spain
6	sorts
6	solid
6	sole
6	snow
6	skulls
6	signification
6	seriously
6	separately
6	scientific
6	running
6	rude
6	row
6	roots
6	ripe
6	rings
6	rhombic
6	reversions
6	regular
6	regarded
6	reappearance
6	rays
6	ramsay
6	r
6	quicker
6	provinces
6	profited
6	profit
6	pre
6	possibility
6	polyzoa
6	polar
6	poison
6	pointed
6	pliocene
6	pleuronectidae
6	plays
6	planted
6	piles
6	pieces
6	piece
6	picture
6	permanently
6	pedunculated
6	pedigree
6	partake
6	parasite
6	paper
6	pairs
6	p
6	ovigerous
6	overlooked
6	offers
6	ocelli
6	observe
6	oak
6	nutritious
6	neighbouring
6	nauplius
6	multiplied
6	multiplication
6	mule
6	moths
6	monsters
6	migrations
6	midst
6	microscope
6	method
6	mention
6	membranous
6	mediterranean
6	maximum
6	marvellous
6	mare
6	mammary
6	maize
6	longest
6	locomotion
6	lip
6	link
6	lineal
6	limb
6	leptalis
6	leguminosae
6	lateral
6	justly
6	irregularly
6	intermittent
6	insufficient
6	insists
6	inner
6	induce
6	indicate
6	increases
6	incessantly
6	incessant
6	inasmuch
6	impressed
6	imported
6	immutable
6	immensely
6	imagine
6	image
6	illustrate
6	hot
6	horn
6	hopeless
6	hooked
6	hidden
6	hereditary
6	heavy
6	heat
6	hares
6	happens
6	gunther
6	grade
6	going
6	gland
6	glance
6	geologist
6	generality
6	gardeners
6	france
6	fowl
6	fluid
6	flow
6	floras
6	flies
6	fleshy
6	fit
6	fertilise
6	features
6	father
6	fantails
6	fancier
6	falling
6	fair
6	extremity
6	externally
6	extension
6	explicable
6	excrement
6	excluding
6	exceptional
6	exaggerated
6	exact
6	evidently
6	entering
6	entailing
6	enlarged
6	enduring
6	endurance
6	endowment
6	else
6	eighteen
6	edwards
6	edentata
6	ears
6	dust
6	ducks
6	drawings
6	dotted
6	diving
6	disseminated
6	display
6	discussion
6	disappears
6	directions
6	dimorphism
6	dimly
6	differentiated
6	deserts
6	denuded
6	denied
6	deer
6	decreasing
6	danger
6	cuvier
6	crawl
6	conviction
6	consequent
6	confounded
6	concur
6	concluding
6	concludes
6	concerns
6	composition
6	compositae
6	complexity
6	communities
6	commenced
6	cocoon
6	clustered
6	civilised
6	civilisation
6	circuitous
6	charged
6	cephalopods
6	ceases
6	cart
6	bull
6	bud
6	browsing
6	browse
6	broad
6	breadth
6	brazil
6	bone
6	birds'
6	belongs
6	behind
6	begun
6	beat
6	bank
6	augmented
6	attack
6	assign
6	ask
6	articulated
6	appreciate
6	antarctic
6	anomaly
6	anomalous
6	alteration
6	alter
6	allowance
6	albinism
6	aerial
6	advancement
6	admirably
6	adhering
6	adapting
6	acquainted
6	accumulate
6	abortion
5	zone
5	z
5	yards
5	woodpeckers
5	wonder
5	weeds
5	wasp
5	war
5	wants
5	walking
5	von
5	visible
5	veins
5	upheaved
5	unchanged
5	typical
5	twiners
5	trust
5	tries
5	transverse
5	transformation
5	training
5	traced
5	top
5	took
5	tierra
5	thousandth
5	terminal
5	temporary
5	teleostean
5	tearing
5	tame
5	taller
5	tall
5	swarm
5	surely
5	superficial
5	sundered
5	sufficed
5	successively
5	successfully
5	substances
5	submarine
5	subfamilies
5	strongest
5	strikingly
5	strict
5	stone
5	stomach
5	sting
5	stigmas
5	steady
5	stationary
5	start
5	spinal
5	spencer
5	speculate
5	soft
5	sized
5	singularly
5	shaped
5	semi
5	segment
5	seedling
5	seals
5	scotch
5	scope
5	scheme
5	sap
5	sandy
5	sand
5	saltum
5	saliva
5	russia
5	rough
5	rivers
5	rhombs
5	revealed
5	rev
5	returning
5	retrogression
5	retarded
5	resting
5	researches
5	request
5	represents
5	representatives
5	replaced
5	repeat
5	render
5	remotely
5	remaining
5	reflecting
5	reference
5	recurring
5	recovered
5	recognise
5	received
5	recapitulation
5	reappears
5	radiating
5	rabbit
5	progressive
5	profoundly
5	procure
5	primordial
5	primary
5	prevents
5	pressed
5	predict
5	precise
5	possesses
5	positions
5	ponds
5	pointer
5	plenty
5	pleistocene
5	pleasure
5	plate
5	plastic
5	plant's
5	pincers
5	picked
5	perplexing
5	perished
5	people
5	pebbles
5	pear
5	partial
5	parthenogenesis
5	palaeontology
5	palaeontologist
5	palaeontological
5	pains
5	paid
5	pachyderms
5	oxen
5	owe
5	ovary
5	ourselves
5	optical
5	optic
5	oesophagus
5	occupy
5	obtained
5	obliterated
5	nowhere
5	nourishment
5	noble
5	naturalisation
5	natura
5	names
5	mysterious
5	mutations
5	muscular
5	moved
5	mostly
5	months
5	monkey
5	mollusca
5	molars
5	mixed
5	milne
5	methodically
5	measure
5	manifestly
5	mammae
5	malm
5	lyell's
5	loss
5	locusts
5	lizards
5	livia
5	lifetime
5	lessen
5	lepidosiren
5	lepidoptera
5	laying
5	laurentian
5	latitudes
5	largest
5	juice
5	isthmus
5	islets
5	investigation
5	intricate
5	intervening
5	interrupted
5	instantly
5	insensible
5	innately
5	inland
5	inhabits
5	influences
5	infertile
5	indigenes
5	indefinitely
5	impotent
5	impassable
5	immediate
5	imitation
5	illustrated
5	illegitimately
5	icebergs
5	ice
5	hymenoptera
5	hybridism
5	hudson
5	homologies
5	herbaceous
5	hemionus
5	heartsease
5	hands
5	hammock
5	halting
5	hairs
5	habitual
5	grouse
5	greenland
5	gravity
5	grasping
5	grant
5	granitic
5	graduates
5	gliding
5	germinate
5	gelatinous
5	futurity
5	functionally
5	functional
5	fuego
5	frogs
5	frigate
5	frequency
5	forth
5	formica
5	forceps
5	foraminifera
5	folded
5	foal
5	flourishing
5	flocks
5	fleetness
5	flava
5	flattened
5	finished
5	finely
5	finds
5	feeble
5	feathered
5	familiarity
5	facit
5	expresses
5	expanded
5	excreted
5	excrete
5	excavate
5	evolved
5	event
5	envelope
5	entered
5	ensure
5	ends
5	elder
5	eighty
5	efforts
5	effective
5	effecting
5	edition
5	edged
5	edge
5	ease
5	duns
5	dress
5	differentiation
5	desired
5	delight
5	del
5	deeper
5	darkness
5	damp
5	cutaneous
5	curvature
5	curiously
5	cultivation
5	crops
5	criterion
5	covering
5	consisting
5	connects
5	confidently
5	confidence
5	conceive
5	compound
5	communicated
5	commoner
5	combs
5	collections
5	colder
5	cock
5	climb
5	classificatory
5	chamber
5	cetaceans
5	celebrated
5	ceased
5	catalogue
5	carrying
5	canon
5	camel
5	buried
5	budding
5	brown
5	brothers
5	brief
5	brevity
5	breathe
5	breast
5	brain
5	bound
5	bony
5	bodily
5	blyth
5	bizcacha
5	birthplace
5	below
5	behold
5	beginning
5	bare
5	attraction
5	atrophied
5	assumption
5	assuming
5	arm
5	argued
5	arbitrary
5	approaches
5	anywhere
5	answered
5	angles
5	angle
5	analogies
5	ammonites
5	allows
5	aggregated
5	african
5	adduced
5	acquisition
5	acquirement
5	accurate
5	accident
5	aberration
4	zooid
4	youatt
4	writings
4	writer
4	worthy
4	wool
4	woodward
4	wolves
4	witnessed
4	wingless
4	wearing
4	weapons
4	wasted
4	washed
4	wandering
4	walsh
4	wafted
4	vigorously
4	viewed
4	verbascum
4	venture
4	valleys
4	valley
4	vague
4	urchins
4	unisexual
4	unexplained
4	underwent
4	underlying
4	undergoes
4	un
4	turnip
4	turkey
4	turf
4	trilobites
4	treatise
4	toward
4	torrid
4	torpedo
4	tooth
4	tools
4	toed
4	tissues
4	timber
4	thrice
4	thirds
4	thinks
4	thickly
4	thicker
4	tenth
4	tended
4	tenanted
4	temporarily
4	telescope
4	taste
4	sweet
4	sweep
4	supporting
4	sun
4	subversive
4	subsistence
4	subfamily
4	strip
4	strikes
4	stream
4	strawberry
4	store
4	stood
4	stamen
4	square
4	spots
4	spontaneously
4	spiral
4	specimen
4	speaks
4	spaniel
4	sounds
4	sooner
4	snapping
4	smooth
4	slower
4	slaughtered
4	skill
4	sit
4	sided
4	showed
4	shot
4	shore
4	severest
4	separates
4	sensitiveness
4	secretes
4	scotland
4	schiodte
4	scales
4	saying
4	saving
4	save
4	savage
4	sank
4	sandstone
4	safest
4	s
4	rufescens
4	rounded
4	rose
4	rodent
4	rocky
4	richest
4	revolution
4	review
4	returned
4	resisted
4	resembled
4	research
4	requiring
4	reputed
4	repetition
4	rendering
4	removing
4	remove
4	remnants
4	remarkably
4	relate
4	reduce
4	reciprocally
4	recapitulated
4	recall
4	rats
4	ranking
4	ranged
4	raising
4	quoted
4	quote
4	quagga
4	pyrenees
4	pyramidal
4	pyramid
4	purely
4	puppies
4	provide
4	protozoa
4	prototype
4	propounded
4	pronounced
4	prominent
4	projecting
4	processes
4	principal
4	preys
4	preyed
4	preventing
4	pretended
4	preponderant
4	preliminary
4	prehension
4	predecessors
4	precisely
4	practical
4	porpoise
4	poole
4	polyzoary
4	plane
4	plainest
4	pl
4	pile
4	pig
4	pick
4	physiologists
4	phenomena
4	petrels
4	per
4	peninsula
4	pellets
4	peas
4	parasites
4	ovule
4	overlook
4	outline
4	orchid
4	orbit
4	opening
4	opened
4	onwards
4	oil
4	observation
4	nurserymen
4	numerical
4	notoriously
4	note
4	nostrils
4	norway
4	neighbourhood
4	neglected
4	necks
4	neatly
4	n
4	muscle
4	muddy
4	move
4	mountainous
4	motionless
4	moth
4	moss
4	moraines
4	monstrosity
4	moment
4	mistletoe
4	mistaken
4	minds
4	millions
4	metaphorically
4	metaphorical
4	membranes
4	maxillae
4	marshes
4	manufactory
4	mankind
4	mandibles
4	mammalian
4	logger
4	lobelia
4	lion
4	linnaeus
4	likeness
4	letter
4	learn
4	latest
4	lasted
4	larynx
4	lancelet
4	lamellated
4	lakes
4	l
4	knobs
4	kattywar
4	judged
4	invaded
4	intimately
4	intertropical
4	interest
4	inside
4	inordinately
4	injury
4	injured
4	inimitable
4	inheriting
4	inherent
4	inhabitant
4	influenced
4	inferiority
4	inextricable
4	inevitable
4	induced
4	indirect
4	indigenous
4	indebted
4	improbability
4	implying
4	imply
4	implied
4	illustrations
4	huxley
4	hunt
4	house
4	holly
4	himalaya
4	helix
4	heights
4	healthy
4	health
4	headed
4	gullet
4	grouping
4	grounded
4	gould
4	gnaw
4	glide
4	getting
4	geologically
4	gallus
4	gales
4	gaining
4	g
4	fringed
4	frequenting
4	frame
4	foundation
4	forests
4	focus
4	flourished
4	flourish
4	firstly
4	fingers
4	finding
4	filaments
4	figured
4	feebly
4	farmers
4	falls
4	extending
4	expressly
4	explored
4	exotic
4	excavated
4	examination
4	evident
4	everyone
4	events
4	estimated
4	estimate
4	erroneous
4	err
4	epochs
4	enumerated
4	entertained
4	enlarge
4	encountered
4	emerge
4	embraced
4	eliminate
4	elemental
4	elegant
4	egyptian
4	egypt
4	edward
4	editions
4	echinodermata
4	eat
4	eager
4	dwarfed
4	dray
4	drawing
4	downward
4	doing
4	distributed
4	distinctly
4	dissolved
4	disposition
4	disease
4	discussing
4	discoveries
4	dirt
4	diameter
4	devouring
4	desert
4	definitions
4	deficient
4	defend
4	decisive
4	dawn
4	d
4	culture
4	crustacean
4	cruger
4	crowned
4	creatures
4	creations
4	crawled
4	cows
4	covers
4	correspond
4	corner
4	coral
4	convince
4	convex
4	convergence
4	contingency
4	contemporaneous
4	contact
4	consumed
4	consisted
4	conquered
4	connection
4	confirm
4	concurred
4	concluded
4	compulsory
4	competing
4	column
4	collateral
4	cleared
4	cirripede
4	circumferential
4	characteristics
4	chances
4	cement
4	cellular
4	caverns
4	caste
4	carriers
4	carboniferous
4	capsules
4	canidae
4	calf
4	busk
4	bushes
4	bush
4	bulky
4	brightly
4	brachiopods
4	box
4	botanical
4	bloodhound
4	blend
4	bermuda
4	begins
4	beginnings
4	beans
4	bay
4	basis
4	bark
4	barely
4	bar
4	balaenoptera
4	bad
4	backward
4	azores
4	avicularium
4	attractive
4	attract
4	attained
4	attach
4	astonishment
4	assumes
4	ascertain
4	articulate
4	art
4	argue
4	arbitrarily
4	apple
4	antiquity
4	animal's
4	anciently
4	ancestral
4	allowing
4	algae
4	agricultural
4	aggregate
4	affects
4	advancing
4	adheres
4	additional
4	addition
4	accumulations
4	accounts
4	accordingly
4	accidentally
4	abyssinia
4	abundance
4	abounds
4	abound
3	zoologist
3	zooids
3	zoea
3	zero
3	youth
3	x
3	wrote
3	wreck
3	workmen
3	women
3	windpipe
3	willingly
3	wildness
3	wichura
3	whalebone
3	westwood
3	welsh
3	weighing
3	weigh
3	wading
3	voluntarily
3	viz
3	vitality
3	visiting
3	virginia
3	violent
3	vi
3	vestige
3	vesicle
3	vera
3	ventral
3	vegetative
3	vascular
3	upwards
3	unperceived
3	unintelligible
3	unimproved
3	uniformly
3	unhatched
3	ungulata
3	unexpected
3	uncommon
3	uncivilised
3	ultimate
3	udders
3	turned
3	tuft
3	trustworthy
3	tropics
3	trimorphism
3	tribe
3	travelling
3	travelled
3	transit
3	tract
3	trachea
3	total
3	tolerably
3	toads
3	titmouse
3	tip
3	tied
3	thrushes
3	throwing
3	thompson
3	theoretical
3	tetramerous
3	tested
3	territories
3	tentacula
3	tentacles
3	tendril
3	tendencies
3	teleosteans
3	teats
3	taught
3	tapir
3	tamed
3	table
3	t
3	systematist
3	symmetry
3	swedish
3	swallow
3	sutures
3	suspended
3	susceptible
3	surrey
3	surprisingly
3	supposition
3	supports
3	supplanting
3	supervening
3	superiority
3	sunken
3	summer
3	suffices
3	suctorial
3	subterranean
3	substance
3	subsist
3	subordination
3	submerged
3	subjects
3	studded
3	struggled
3	structural
3	stress
3	stranded
3	stopped
3	stomachs
3	stimuli
3	stiff
3	stature
3	squirrel
3	springing
3	sprengel
3	spout
3	spirit
3	spike
3	sphere
3	sowing
3	southwards
3	sought
3	song
3	soldered
3	snipes
3	slopes
3	slits
3	slaty
3	sketch
3	skeleton
3	situations
3	sitaris
3	sisters
3	singly
3	singing
3	simplified
3	simplicity
3	silk
3	sign
3	siberia
3	shrivelled
3	sharp
3	sequence
3	sensible
3	selects
3	selaceans
3	seeking
3	seeded
3	security
3	securing
3	securely
3	secreting
3	searched
3	sculpture
3	scattered
3	santo
3	salmon
3	safety
3	ruins
3	rostrata
3	rolled
3	river
3	rim
3	rigorous
3	rigidly
3	ridges
3	rhododendrons
3	rhinoceros
3	reverse
3	reveals
3	retrograde
3	retina
3	rests
3	resisting
3	relates
3	rejects
3	rejecting
3	reflection
3	references
3	recurrent
3	reconverted
3	recognisable
3	receives
3	reasonably
3	rear
3	reaction
3	reaching
3	re
3	rat
3	ranks
3	ramus
3	rain
3	quick
3	queen
3	q
3	pushed
3	pupal
3	publish
3	proves
3	proportionally
3	propagating
3	projection
3	progressed
3	profits
3	prisms
3	prevails
3	presumption
3	precious
3	practised
3	posterior
3	porto
3	polygamous
3	pollinium
3	pollinia
3	pods
3	pod
3	plumed
3	plot
3	pleasing
3	pleased
3	planets
3	plainer
3	placing
3	pierre
3	phytophagic
3	philosophers
3	phenomenon
3	petrel
3	persecuted
3	perpetually
3	permits
3	periodical
3	perception
3	perceived
3	peopled
3	penultimate
3	penguin
3	peach
3	patterns
3	passages
3	parturition
3	partridge
3	particles
3	parentage
3	paramount
3	paraguay
3	papilionaceous
3	palpi
3	pallas
3	ox
3	overmastered
3	overlying
3	outlying
3	osculant
3	orthospermous
3	orifice
3	organisations
3	opportunity
3	operculum
3	onward
3	omitted
3	oftener
3	occasion
3	obtaining
3	o
3	nuthatch
3	numerically
3	numberless
3	numbered
3	normally
3	nicotiana
3	nicely
3	newts
3	neuration
3	nestling
3	nautilus
3	naudin
3	nature's
3	nails
3	mysis
3	mutation
3	museums
3	museum
3	murchison
3	multiply
3	mown
3	mottled
3	monuments
3	monkeys
3	moisture
3	moderate
3	mockers
3	miscellaneous
3	mine
3	mimicked
3	migratory
3	mid
3	mexican
3	metamorphoses
3	merest
3	memoirs
3	megatherium
3	mechanical
3	max
3	matured
3	mastodon
3	master
3	marsh
3	map
3	manipulation
3	malpighiaceae
3	malayan
3	macrauchenia
3	luminous
3	lowland
3	loses
3	lord
3	longevity
3	loins
3	locality
3	literally
3	lips
3	lingula
3	lily
3	liability
3	lewes
3	leap
3	le
3	lankester
3	lamarck
3	lake
3	lacustrine
3	labellum
3	knot
3	knight
3	knew
3	kindly
3	kill
3	kidney
3	kentucky
3	kangaroo
3	jussieu
3	joints
3	john
3	java
3	japan
3	involved
3	invertebrate
3	invariable
3	inutility
3	intimate
3	intersect
3	intermigration
3	interfered
3	intellectual
3	instinctively
3	instant
3	inserted
3	infusoria
3	inflammation
3	infinitude
3	inferences
3	inference
3	indicates
3	incomplete
3	inappreciable
3	improving
3	improves
3	impressions
3	impresses
3	impossibility
3	immigrated
3	immaterial
3	imitates
3	imitated
3	imitate
3	illustrious
3	illustrates
3	ichneumonidae
3	hymenopterous
3	hybridised
3	hybridisation
3	hunting
3	humped
3	hostile
3	horticulturists
3	horticultural
3	horned
3	hood
3	hon
3	homoplastic
3	homology
3	hollowed
3	historical
3	hippeastrum
3	hipparion
3	hill
3	highness
3	herbage
3	helpless
3	heart
3	hawks
3	hatred
3	hatching
3	hardest
3	hardened
3	gums
3	guinea
3	grew
3	granules
3	granted
3	gooseberry
3	goats
3	gnawing
3	glass
3	germen
3	german
3	gently
3	generated
3	gardens
3	ganoid
3	ganglion
3	galeopithecus
3	gains
3	fungus
3	fuller
3	freedom
3	fragment
3	foxes
3	fox
3	fowls
3	fourthly
3	fossorial
3	fortunately
3	formidable
3	foreigners
3	forehead
3	forcibly
3	foliage
3	folds
3	fluctuations
3	flows
3	flexibility
3	flapper
3	flank
3	firs
3	fighting
3	fifths
3	fields
3	field
3	feeling
3	feebler
3	favouring
3	fathoms
3	fails
3	failing
3	factors
3	facilitated
3	fabre
3	eyelids
3	extremities
3	exterior
3	exquisitely
3	expressions
3	express
3	exposure
3	exposes
3	explaining
3	exhibits
3	exhibiting
3	exhibited
3	exhibit
3	exercise
3	exemplified
3	excretion
3	exclusion
3	excluded
3	exceedingly
3	exceed
3	excavation
3	et
3	estimates
3	essence
3	essay
3	escaping
3	erroneously
3	erratic
3	erect
3	epidemics
3	eozoon
3	enveloped
3	entomologists
3	ensue
3	enemy
3	endeavouring
3	encounter
3	embed
3	electrical
3	elastic
3	ejecting
3	efficiency
3	echinus
3	eating
3	ear
3	eagerly
3	dung
3	dull
3	dugong
3	drifted
3	drift
3	draw
3	doubtfully
3	dives
3	diversities
3	diverge
3	distantly
3	dissected
3	disputes
3	discovering
3	discharge
3	disbelieving
3	disbelieve
3	disappearing
3	disadvantage
3	died
3	die
3	determines
3	description
3	describing
3	describes
3	descendant
3	descend
3	depending
3	departing
3	dense
3	deceived
3	deceive
3	decayed
3	decay
3	dearths
3	dearth
3	dawson
3	dandelion
3	daily
3	dahlia
3	cylindrical
3	crabs
3	crab
3	cow
3	courage
3	cotyledons
3	correlations
3	corners
3	cooler
3	conversion
3	converge
3	convenient
3	contraction
3	continuity
3	continues
3	contingent
3	contest
3	contain
3	conspicuously
3	consolidation
3	conscious
3	conjoined
3	confusion
3	confirmation
3	confessed
3	conchologists
3	conception
3	concealed
3	conceal
3	competitor
3	compatible
3	comparative
3	commonest
3	combat
3	colonised
3	colaptes
3	coincidence
3	cohere
3	coelospermous
3	coated
3	coasts
3	coarser
3	clumps
3	clinging
3	climber
3	climatal
3	claws
3	classical
3	civilized
3	circumpolar
3	choice
3	chironomus
3	chinese
3	chestnut
3	chemical
3	chelae
3	chatham
3	characterized
3	channels
3	ceylon
3	cecidomyia
3	causa
3	caudal
3	caterpillars
3	catching
3	castrated
3	carapace
3	capped
3	canary
3	canada
3	calyx
3	calls
3	caledonia
3	burrowing
3	burrow
3	built
3	brush
3	bristle
3	brings
3	brilliant
3	bright
3	breaking
3	branchial
3	botanist
3	bore
3	bonariensis
3	boldly
3	bold
3	bluish
3	biting
3	bird's
3	big
3	behaved
3	bearers
3	beaked
3	barbs
3	barbarous
3	balancing
3	balanced
3	backwards
3	avoided
3	authenticated
3	augmentation
3	audubon
3	attachment
3	asymmetrical
3	associates
3	assistance
3	assigning
3	assertion
3	asiatic
3	arteries
3	arriving
3	arranging
3	arrange
3	architectural
3	archipelagoes
3	appropriated
3	application
3	appearances
3	aperture
3	apart
3	answers
3	annual
3	annihilate
3	animalcules
3	amply
3	alternative
3	alternations
3	allowances
3	alight
3	agrees
3	agreement
3	affording
3	adduces
3	acme
3	acknowledge
3	acid
3	achenes
3	accustomed
3	accurately
3	accumulative
3	accumulates
3	absorbed
3	abounding
3	ably
3	ability
3	abdomen
2	zoological
2	you
2	yorkshire
2	yew
2	wyman
2	wright
2	wrens
2	wrecks
2	worthless
2	worst
2	world's
2	workmanship
2	woodlice
2	woodcocks
2	wondrous
2	willows
2	william
2	whelp
2	wet
2	westward
2	weismann
2	weighed
2	weed
2	web
2	weather
2	wear
2	weakest
2	weaker
2	weakening
2	waxen
2	wattle
2	watching
2	watch
2	waste
2	warn
2	warmest
2	wallace's
2	wales
2	wagner's
2	vulture
2	vox
2	volition
2	vivid
2	viscera
2	viola
2	viewing
2	vessels
2	vertebrates
2	vermin
2	vermiform
2	ventured
2	venomous
2	variously
2	van
2	vainly
2	v
2	utilitarian
2	urge
2	upright
2	upheaval
2	unsatisfactory
2	unreasonable
2	unparalleled
2	unmodified
2	universe
2	uniting
2	unites
2	uninjured
2	unimpaired
2	unicellular
2	unhesitatingly
2	ungulate
2	ungnawed
2	unfortunately
2	unequivocally
2	uneducated
2	undulatory
2	undiminished
2	underrated
2	unaffected
2	turbit
2	tumbling
2	tumble
2	tucu
2	tuco
2	tubers
2	tube
2	trusting
2	trunk
2	trifolium
2	tricks
2	trial
2	treating
2	transversely
2	transportation
2	transmitting
2	translucent
2	transformed
2	toxodon
2	totality
2	tired
2	tiger
2	tide
2	thylacinus
2	thistle
2	thirteen
2	thinness
2	thing
2	thigh
2	thickets
2	thickened
2	therein
2	thence
2	texture
2	terrier
2	tegetmeier
2	technical
2	tear
2	tasmania
2	task
2	tantot
2	tameness
2	tadpoles
2	tabulated
2	swimmers
2	swifts
2	swifter
2	swift
2	swells
2	swarmed
2	swamps
2	swallowing
2	suspicion
2	survivors
2	surrounds
2	surpass
2	suppressed
2	supplied
2	superimposed
2	superabundance
2	summing
2	suggests
2	suffering
2	suddenness
2	successors
2	subvarieties
2	subsists
2	subsiding
2	subsidiary
2	subsided
2	subserve
2	submerge
2	subgroups
2	subcutaneous
2	stump
2	studying
2	studies
2	struggling
2	structurally
2	strike
2	stretching
2	story
2	storks
2	stores
2	stopping
2	stipules
2	stigmatic
2	stick
2	sternum
2	startling
2	stallion
2	stags
2	stag
2	staffordshire
2	spotted
2	spoke
2	splendid
2	spiders
2	speculation
2	specify
2	specifies
2	spawn
2	spanish
2	sound
2	somewhere
2	somehow
2	solved
2	solomon
2	soles
2	society
2	snails
2	slowness
2	slope
2	slip
2	slimmest
2	sleep
2	skins
2	skeletons
2	sixteen
2	sits
2	sites
2	sirenia
2	sinking
2	silliman
2	sift
2	sickness
2	shuts
2	shut
2	shrimp
2	shrew
2	shoulders
2	shortened
2	shield
2	shepherd's
2	shepherd
2	sheaths
2	sharply
2	sharper
2	sharks
2	shark
2	shake
2	shadow
2	shade
2	seychelles
2	severer
2	seventy
2	seventeen
2	settled
2	serratures
2	sentence
2	senses
2	sediments
2	sedgwick
2	secured
2	secure
2	secrete
2	secluded
2	seated
2	searching
2	seal
2	scutellae
2	scrutinising
2	scott
2	scored
2	schists
2	scandinavia
2	scaly
2	satisfied
2	satisfaction
2	satellites
2	sarcode
2	salvin
2	salicaria
2	sails
2	sagaret
2	safe
2	sacral
2	rutimeyer
2	rushing
2	runts
2	runt
2	runs
2	ruminant
2	rubus
2	rubs
2	rotation
2	roses
2	room
2	romans
2	robur
2	robert
2	road
2	rivalry
2	rio
2	rigid
2	richardson
2	rhizopods
2	revolved
2	revolve
2	reviewer
2	reverts
2	retrograded
2	retreat
2	residence
2	reserve
2	reproduces
2	reproduce
2	representation
2	repeating
2	removes
2	remotest
2	remnant
2	remainder
2	relationships
2	relating
2	regulated
2	regularity
2	regarding
2	refuse
2	reducing
2	rectangular
2	recesses
2	reception
2	receiving
2	reasoning
2	rearing
2	reading
2	readers
2	reader's
2	reaches
2	rattlesnake
2	rattle
2	ramifications
2	raises
2	radius
2	radicle
2	quince
2	quercus
2	quantities
2	pyrgoma
2	push
2	pursues
2	pursued
2	pursue
2	purple
2	pull
2	publishing
2	provisional
2	provision
2	proving
2	province
2	protruded
2	prototypes
2	protest
2	proteolepas
2	protects
2	protect
2	protean
2	prosper
2	proposition
2	proposes
2	propolis
2	prophetic
2	propagation
2	prolonged
2	prolific
2	products
2	prodigal
2	procreate
2	proclaim
2	proceed
2	prism
2	primordially
2	prices
2	prevalent
2	prevailing
2	pretty
2	presents
2	prepotency
2	preposterous
2	preponderance
2	preparing
2	premise
2	preferred
2	preference
2	predicated
2	predaceous
2	preceded
2	pratense
2	powerless
2	powerfully
2	pouters
2	post
2	possessors
2	positive
2	poorness
2	poorly
2	pony
2	ponies
2	pomatia
2	polyandrous
2	pointing
2	pointers
2	po
2	plutonic
2	plumule
2	plums
2	plumes
2	plum
2	pliny
2	please
2	plantigrades
2	plantations
2	planet
2	planed
2	placental
2	placenta
2	pits
2	pinnate
2	pierce
2	pied
2	pictet's
2	physiologist
2	phyllodineous
2	philosophical
2	pheasants
2	phascolomys
2	petal
2	persistent
2	persia
2	perplexed
2	perpetuation
2	performing
2	perched
2	perceiving
2	pentamerous
2	penetrate
2	peloria
2	pelargonium
2	peduncles
2	peculiarly
2	pears
2	peaks
2	peacock
2	pea
2	pause
2	passiflora
2	parus
2	partitions
2	particle
2	parental
2	parcel
2	paragraphs
2	paradoxical
2	paradox
2	papilla
2	panama
2	palm
2	paint
2	paddles
2	oxalis
2	owen's
2	overtop
2	overthrow
2	overrated
2	overrate
2	overcome
2	ovaries
2	ovaria
2	ounces
2	other's
2	ossified
2	ornithologists
2	ornithologist
2	originate
2	orifices
2	ordinated
2	orchidaceous
2	orchard
2	opponents
2	opossums
2	opercular
2	oolitic
2	office
2	offered
2	odours
2	occasions
2	observing
2	observes
2	obscurity
2	obliquely
2	obedience
2	oat
2	oaks
2	novelty
2	notion
2	notes
2	noted
2	norwegian
2	nipple
2	nineteen
2	nightly
2	niggard
2	nictitating
2	niata
2	newton
2	newt
2	newman
2	newer
2	neutral
2	nestlings
2	nelumbium
2	nectary
2	natatory
2	nasal
2	nageli's
2	mystery
2	myrmica
2	mutilations
2	musical
2	murray
2	multitudes
2	multiplying
2	multiples
2	mould
2	mother's
2	month
2	monocotyledons
2	moles
2	mole
2	modes
2	mm
2	mistakes
2	mistake
2	mississippi
2	misled
2	miraculous
2	miracle
2	miocene
2	mingle
2	mineralogical
2	mimicry
2	mimicking
2	mimickers
2	miller
2	migrating
2	mica
2	metropolis
2	messrs
2	melted
2	melanism
2	meeting
2	medium
2	measures
2	mauritius
2	maurandia
2	matters
2	mathematicians
2	maternal
2	mated
2	matched
2	mastered
2	masons
2	marshy
2	marshall
2	markings
2	marking
2	margins
2	manufacturing
2	manufactured
2	manual
2	mantle
2	manifests
2	manifested
2	mammiferous
2	malthus
2	malacostraca
2	makers
2	major
2	maggot
2	machine
2	lythrum
2	lung
2	lowered
2	lowe
2	love
2	lose
2	loose
2	loop
2	looks
2	longiflora
2	london
2	logical
2	logan
2	loftiest
2	locomotive
2	locally
2	lobster
2	lobes
2	litter
2	levels
2	lesson
2	lenses
2	lengthened
2	leibnitz
2	legitimately
2	legged
2	laugh
2	latent
2	lasts
2	largeness
2	lamina
2	lacunae
2	labrador
2	labours
2	laboriously
2	laborious
2	knife
2	kitchen
2	kindred
2	kindness
2	kerguelen
2	keeps
2	justified
2	june
2	junction
2	july
2	journey
2	join
2	jelly
2	jay
2	janeiro
2	jalapa
2	jacobin
2	italy
2	italian
2	issue
2	islet
2	isidore
2	ireland
2	inward
2	invoke
2	invertebrata
2	invention
2	intruders
2	intruder
2	introducing
2	intestines
2	intervened
2	intervene
2	intersected
2	interminable
2	interior
2	interfere
2	intercrosses
2	intention
2	intending
2	intellect
2	insular
2	inspissated
2	insignificant
2	insectivora
2	insect's
2	inquire
2	inordinate
2	innovation
2	inheritable
2	ingenious
2	inflorescence
2	inflection
2	infinitesimal
2	infallibly
2	indomitable
2	indisputable
2	indications
2	incorrect
2	incompetent
2	incline
2	incidentally
2	incarnate
2	incapacity
2	inadequate
2	inability
2	improvements
2	improper
2	impressing
2	impregnation
2	immigrate
2	immersed
2	immeasurably
2	immature
2	imago
2	illustrative
2	illustrating
2	igneous
2	ideas
2	hypertrophied
2	hybernating
2	hutton
2	hunger
2	humboldt
2	hour
2	hotter
2	hornless
2	hoppers
2	hopkins
2	hopelessly
2	hoofs
2	homologue
2	homogenous
2	hole
2	holders
2	hit
2	historian
2	hinny
2	hinge
2	hilly
2	hildebrand
2	heron
2	hereford
2	hemiptera
2	help
2	heer
2	heels
2	hazard
2	haunting
2	hasty
2	harvest
2	harmless
2	hare
2	halves
2	hall
2	hairy
2	haired
2	habituated
2	habitation
2	gulf
2	guided
2	guard
2	growths
2	grows
2	grounds
2	grooved
2	grinding
2	grimm
2	greyhounds
2	gravest
2	gravel
2	grasp
2	grandfather
2	grallatores
2	grain
2	governs
2	govern
2	gourd
2	got
2	gorgeous
2	goethe
2	gneiss
2	gnawed
2	glutinosa
2	glottis
2	glossary
2	gladly
2	gets
2	germinal
2	germany
2	geography
2	gentle
2	genetic
2	generative
2	genealogies
2	gave
2	gartner's
2	gaps
2	gape
2	ganoids
2	galls
2	gallinaceous
2	gall
2	gale
2	gaily
2	furthermore
2	furcula
2	fullest
2	fulgens
2	fulfil
2	fuci
2	frozen
2	frost
2	frog
2	fries
2	frequented
2	frayed
2	framework
2	frames
2	fragmentary
2	fortunate
2	fork
2	footstalks
2	fold
2	foetal
2	foals
2	flown
2	flowed
2	flotation
2	floods
2	flipper
2	flew
2	fleshed
2	fleeting
2	fleetest
2	flavours
2	flap
2	flanks
2	flakes
2	fitness
2	fingered
2	finest
2	finer
2	finches
2	file
2	filamentous
2	figures
2	figure
2	fernando
2	felidae
2	feels
2	feeds
2	feeders
2	fecundation
2	faults
2	fastnesses
2	faroe
2	fang
2	fancy
2	fancied
2	famous
2	fallen
2	falkland
2	faith
2	faculties
2	eyton
2	extracted
2	exterminating
2	exquisite
2	expressing
2	explanations
2	experimentally
2	experimentalists
2	expense
2	expenditure
2	expanse
2	expanding
2	exercised
2	excused
2	exciting
2	excellently
2	exceeding
2	exaggeration
2	evolutionists
2	evergreen
2	evening
2	estate
2	esculent
2	equable
2	ephemerous
2	enunciating
2	entrance
2	entomostraca
2	entomologist
2	enters
2	entangled
2	entail
2	ensues
2	ensued
2	enquire
2	endeavour
2	enclosure
2	employed
2	emphatically
2	elytra
2	elimination
2	eliminating
2	eliminated
2	elephants
2	electricity
2	elaborately
2	elaborate
2	ejection
2	economising
2	economise
2	eccentricity
2	easier
2	dynasty
2	dutch
2	dug
2	drought
2	drops
2	dropped
2	drooping
2	drones
2	driver
2	draws
2	drags
2	dragon
2	downwards
2	doubting
2	distinguishable
2	distinctness
2	distinctive
2	disservice
2	dissemination
2	disregarded
2	displacement
2	dispersed
2	disintegrated
2	discrimination
2	diorite
2	dinosaurians
2	diminution
2	diminish
2	digit
2	digging
2	digest
2	dies
2	diem
2	dicotyledons
2	dicotyledonous
2	dichogamous
2	dianthus
2	diametrically
2	dialects
2	dialect
2	devour
2	devoted
2	devote
2	devonshire
2	devonian
2	deviate
2	developmental
2	detritus
2	destructive
2	desolated
2	desire
2	designated
2	descends
2	descending
2	dermal
2	depress
2	dependence
2	depended
2	departs
2	departments
2	depart
2	dentition
2	density
2	demonstration
2	demarcation
2	delicately
2	deliberation
2	deity
2	defining
2	deficiency
2	deepest
2	deepened
2	deepen
2	decreases
2	decreased
2	declares
2	declared
2	deciduous
2	deciding
2	daughters
2	data
2	dare
2	dana
2	dallas
2	daisy
2	cypridina
2	cuts
2	currant
2	curled
2	curculio
2	cultivating
2	culinary
2	cuckoos
2	crystallised
2	crystalline
2	crowd
2	croll's
2	crinum
2	credible
2	create
2	crawling
2	courses
2	courageous
2	counting
2	counterbalance
2	counted
2	cotton
2	coryanthes
2	correspondence
2	correctly
2	correction
2	cornea
2	copious
2	coping
2	cope
2	convert
2	converging
2	contracted
2	continuing
2	continual
2	contemplate
2	contained
2	constancy
2	consolidated
2	consequences
2	conquer
2	conjointly
2	conjectural
2	conglomerate
2	congeners
2	conformity
2	conformably
2	conformable
2	confirmed
2	confess
2	conferva
2	cones
2	condor
2	condensed
2	concurrent
2	conclusive
2	concentration
2	conceived
2	comprehension
2	comprehend
2	compositous
2	compatriots
2	compares
2	comparable
2	communication
2	commonness
2	commenting
2	commence
2	combinations
2	combination
2	columbidae
2	columba
2	colonisation
2	coleopterous
2	coleoptera
2	coldest
2	coexist
2	coccus
2	coccidae
2	coat
2	coarse
2	coadaptation
2	clusters
2	clue
2	clovers
2	clothing
2	clothe
2	closure
2	clings
2	cliff
2	clearest
2	clean
2	classifying
2	clarke
2	circumstanced
2	circularly
2	circles
2	chthamalus
2	chrysalis
2	chromatic
2	choose
2	chinks
2	china
2	chile
2	children
2	chelonia
2	checking
2	chauncey
2	charms
2	chaos
2	channel
2	chanced
2	chambers
2	chains
2	cetacea
2	ceroxylus
2	cercopithecus
2	cephalopoda
2	centipedes
2	cent
2	caudicles
2	catskill
2	catasetum
2	carriage
2	carnivora
2	carniola
2	cares
2	carbonic
2	captured
2	capture
2	captain
2	capriciously
2	capital
2	canine
2	canaries
2	cambridge
2	calceolaria
2	burrows
2	buoyancy
2	bunch
2	bulls
2	bulk
2	browsed
2	bronze
2	bristles
2	bridged
2	breeze
2	breaks
2	brazilian
2	brackish
2	brachiopod
2	bounding
2	borneo
2	boring
2	borders
2	bodied
2	board
2	blindness
2	bladders
2	bivalve
2	bill
2	bevelled
2	berries
2	bentham
2	bending
2	bend
2	belgian
2	behave
2	begin
2	beet
2	bean
2	beagle
2	basin
2	bartlett
2	barrier
2	barnacles
2	bankiva
2	ball
2	balanus
2	bakewell
2	baer
2	backs
2	backbone
2	azara
2	avicularian
2	aviary
2	avail
2	authentic
2	auks
2	auk
2	august
2	augment
2	aug
2	auckland
2	aucapitaine
2	attending
2	attempting
2	attain
2	attacked
2	atoms
2	atom
2	atlas
2	ateuchus
2	astonishingly
2	assigns
2	asking
2	ascertaining
2	ascended
2	ascend
2	article
2	arrival
2	arrested
2	array
2	arose
2	armed
2	armadillo
2	arid
2	archipelagos
2	archetype
2	archeopteryx
2	aquarium
2	apteryx
2	approximately
2	approaching
2	approached
2	apprehend
2	appreciable
2	appended
2	aplacental
2	aphis
2	apertures
2	anther
2	antenna
2	answering
2	anomalies
2	annelids
2	annelid
2	animalcule
2	anglesea
2	andrew
2	andaman
2	ancon
2	amazons
2	alternately
2	altering
2	alps
2	alliance
2	alighted
2	albino
2	aids
2	agriculturist
2	agreeing
2	agent
2	afterward
2	affords
2	affirmative
2	affirm
2	aestivation
2	advocated
2	advisable
2	advice
2	admired
2	admiration
2	adhesive
2	adhesion
2	adhere
2	adder
2	adapts
2	activity
2	acres
2	acquiring
2	acorns
2	acorn
2	accompanying
2	acclimatised
2	accidents
2	accessory
2	accepted
2	acacias
2	abundantly
2	absurd
2	abraded
2	abodes
2	abnormally
1	zoophytes
1	zoophyte
1	zoology
1	zoologists
1	zooide
1	zoeas
1	zeuglodon
1	zeal
1	zanthoxylon
1	years'
1	yarrel
1	yard
1	xv
1	xiv
1	xiii
1	xii
1	xi
1	wounds
1	wounded
1	workshops
1	workman
1	worker
1	woody
1	woodcock
1	wollaston's
1	witnesses
1	witness
1	withstanding
1	withering
1	wither
1	withdrawn
1	withdrawal
1	wishes
1	wished
1	wires
1	winters
1	wine
1	windsor
1	winds
1	win
1	willing
1	widening
1	whorls
1	whoever
1	whiteness
1	whitaker
1	whirlwinds
1	whirling
1	whinchats
1	whimsical
1	whelks
1	wheatears
1	wetted
1	went
1	weighty
1	weights
1	weevils
1	weeks
1	week
1	weale
1	wealden
1	weakness
1	waved
1	wave
1	wattles
1	waterhouse's
1	watered
1	wasps
1	wash
1	wary
1	warned
1	warbler
1	wanting
1	wanderers
1	wand
1	wallowing
1	walks
1	walk
1	wagtails
1	wagner
1	voyages
1	voracious
1	volute
1	volumes
1	voila
1	voids
1	vitreous
1	vitiated
1	viti
1	visual
1	vison
1	virgin
1	virchow
1	violet
1	violently
1	violence
1	vine
1	vincent
1	villages
1	viii
1	vii
1	vienna
1	victoriously
1	victor
1	vicissitudes
1	vibration
1	vibrating
1	vibraculum
1	vetches
1	vetch
1	vestiges
1	verticale
1	verneuil
1	verlot
1	verify
1	verge
1	vehemently
1	vegetated
1	vegetables
1	varietal
1	variably
1	valvular
1	valved
1	valve
1	valueless
1	valuations
1	valuation
1	valenciennes
1	vaguely
1	vaginalis
1	utilised
1	using
1	uselessness
1	usefulness
1	usefully
1	uria
1	urges
1	urchin
1	ural
1	unwillingness
1	unwilling
1	unwarrantable
1	untrodden
1	untouched
1	untidy
1	unsupported
1	unsuitable
1	unsuccessful
1	unstocked
1	unstable
1	unsafe
1	unreal
1	unproductive
1	unlimited
1	unlikely
1	units
1	unison
1	unique
1	unintentional
1	uninhabited
1	unincubated
1	unimpregnated
1	unilocular
1	unfathomable
1	unerring
1	unenclosed
1	une
1	undulating
1	undue
1	undistinguishable
1	undiscovered
1	undiscoverable
1	understands
1	undermined
1	uncultivated
1	uncovered
1	unconformably
1	unconcerned
1	unbroken
1	unborn
1	unavoidable
1	unanimously
1	unanimous
1	unalterable
1	unaccountable
1	umbrella
1	umbelliferous
1	umbel
1	ulex
1	ubiquitous
1	tyrants
1	tyrant
1	typotherium
1	twisted
1	twist
1	twines
1	twiner
1	twine
1	twilight
1	twig
1	twelfth
1	turtles
1	turpentine
1	turnspit
1	turkoman
1	turkish
1	turkeys
1	turbot
1	turan
1	tune
1	tufts
1	tubercles
1	trusts
1	truss
1	trumpeter
1	truism
1	truest
1	truer
1	troublesome
1	troglodytes
1	trivial
1	triumphed
1	triumphant
1	triturate
1	trimmed
1	trimen
1	trigonia
1	trifle
1	tricolor
1	trickery
1	tribes
1	triassic
1	trials
1	tri
1	tremendous
1	tremble
1	treble
1	treats
1	treatment
1	traversed
1	traverse
1	travellers
1	traveller
1	trautschold
1	traquair
1	trap
1	transposed
1	transpose
1	transporting
1	transmutation
1	transmits
1	translation
1	transitory
1	transient
1	train
1	trailing
1	trade
1	track
1	tracing
1	trachypterus
1	toys
1	towns
1	tower
1	toulouse
1	tough
1	touching
1	touches
1	tortoises
1	tortoise
1	torquatus
1	torn
1	tops
1	topped
1	tool
1	tones
1	tone
1	tomes
1	toe
1	tobacco
1	toadstools
1	toad
1	tints
1	tinted
1	tiger's
1	tie
1	tides
1	tidal
1	tickled
1	thwaites
1	thuret's
1	thuret
1	thouin
1	thorn
1	thorax
1	thither
1	thirteenth
1	thins
1	thinner
1	thinly
1	thinking
1	thicknesses
1	thickens
1	theories
1	theoretically
1	thawed
1	th
1	testimony
1	terrified
1	ternary
1	terminating
1	terminates
1	termed
1	tenths
1	tens
1	tenour
1	tender
1	tempting
1	temperatures
1	temminck
1	tedious
1	teasel
1	teams
1	teaching
1	tax
1	tausch
1	tasmanian
1	tarsus
1	tapping
1	tapering
1	taper
1	tangled
1	tandon
1	tanais
1	tamer
1	talons
1	tale
1	tait
1	tailless
1	tadpole
1	tactile
1	tachytes
1	tabulating
1	tablespoonfuls
1	synthetic
1	sympathetic
1	symmetrically
1	sword
1	swinging
1	swine
1	swims
1	swiftness
1	swiftest
1	swelling
1	sweeping
1	swaysland
1	swallowed
1	sussex
1	suspend
1	suspects
1	susceptibility
1	surround
1	surmise
1	suppression
1	suppositions
1	supplying
1	supplants
1	superinduced
1	superincumbent
1	superficially
1	superabundant
1	summon
1	summarily
1	sulphuratus
1	suitable
1	suit
1	suggestive
1	sugar
1	sufferers
1	succulent
1	subtropical
1	substantially
1	substages
1	subspecies
1	subsisted
1	subside
1	subserving
1	suborders
1	sublittoral
1	subgroup
1	subgenera
1	subdivisions
1	styles
1	stupendous
1	stunted
1	stumps
1	stuck
1	strychnine
1	struggles
1	stroked
1	stripped
1	strickland
1	strewed
1	stretches
1	stretch
1	strenuously
1	strengthening
1	strengthen
1	strangers
1	stranger
1	straits
1	strains
1	straightest
1	straggling
1	stop
1	stingless
1	stinging
1	stimulate
1	sticky
1	sticks
1	stemmata
1	steeper
1	steenstrup
1	steadiness
1	statue
1	stating
1	starve
1	starts
1	startled
1	starting
1	started
1	stars
1	starlings
1	staggered
1	stagger
1	stability
1	squatters
1	squalodon
1	sqrt
1	spurred
1	spurless
1	spur
1	sprung
1	springs
1	sprengel's
1	spray
1	sporting
1	spores
1	sponsa
1	sponges
1	spirits
1	spires
1	spire
1	spirally
1	spindle
1	spinach
1	spikes
1	sphinx
1	sphex
1	spheroid
1	sphegidae
1	spend
1	spelling
1	speculated
1	spectators
1	spectacle
1	speckled
1	specialise
1	spear
1	spatula
1	spatangus
1	spark
1	spaniards
1	spaniard
1	sow
1	southwestern
1	southernmost
1	southeast
1	sources
1	sounding
1	soul
1	sorex
1	sore
1	sorbus
1	songsters
1	son
1	somerville
1	solve
1	solution
1	solidified
1	solenhofen
1	soldier
1	softer
1	softened
1	snowy
1	snowstorm
1	snap
1	smoothly
1	smitt
1	smith's
1	smelling
1	smallest
1	slurred
1	slugs
1	slowest
1	sloths
1	sloth
1	slighter
1	slender
1	slates
1	skylark
1	skinned
1	sketched
1	situation
1	sire
1	sinks
1	sink
1	sing
1	simplify
1	simile
1	silla
1	silky
1	silkworm
1	siliques
1	siliceous
1	silently
1	silent
1	silene
1	sikkim
1	signify
1	significant
1	significance
1	sighted
1	sifters
1	sifter
1	sifted
1	sickly
1	sick
1	sicily
1	shrimps
1	shrike
1	shoveller's
1	shortness
1	shortly
1	shop
1	shoots
1	shoot
1	shock
1	shoal
1	shipwrecked
1	ship
1	shines
1	shelly
1	shellfish
1	sheath
1	sharpened
1	shank
1	shale
1	shady
1	shadowy
1	shades
1	sexually
1	severity
1	severely
1	severally
1	seventh
1	settling
1	settle
1	setting
1	setter
1	sessiliflora
1	serially
1	sequard
1	septenary
1	sentences
1	sensibly
1	sensibility
1	sensations
1	sensation
1	sends
1	sees
1	seemann
1	secretions
1	seconds
1	sebright
1	seaweed
1	seasoned
1	seashore
1	seamats
1	sculptured
1	scrophulariaceae
1	scotia
1	scorn
1	scoresby
1	scooped
1	schobl
1	schlegel
1	schist
1	schiodte's
1	schacht
1	sceptical
1	scented
1	scent
1	scene
1	scattering
1	scarlet
1	scarcity
1	scalloped
1	saxony
1	saxicolae
1	saves
1	saussure
1	saurophagus
1	satisfactorily
1	sarcodic
1	saporta
1	saponaria
1	saplings
1	salter
1	salmons
1	salamandra
1	salamander
1	sagacity
1	sagaciously
1	sagacious
1	safer
1	sacrum
1	sacred
1	s'etend
1	ruthlessly
1	rutaceae
1	ruta
1	rush
1	ruptured
1	ruminate
1	ruling
1	ruffle
1	rufa
1	rue
1	rub
1	royal
1	roy
1	rows
1	roughened
1	rote
1	rostrum
1	rosa
1	rootlets
1	roosting
1	roost
1	roofed
1	roman
1	rolling
1	rollin
1	roguing
1	rogues
1	rogers'
1	rods
1	robinia
1	robbed
1	roamed
1	rivulets
1	rivulet
1	rivalled
1	risk
1	risen
1	rims
1	rills
1	rigour
1	rights
1	rightly
1	ridicule
1	richard
1	ribston
1	ribs
1	ribbed
1	rhythm
1	rhomboidal
1	rhododendron
1	rhod
1	rhine
1	rhinanthideae
1	rheumatism
1	rhea
1	revolutum
1	revolutions
1	revived
1	reverting
1	reversionary
1	reunited
1	retrieving
1	retrievers
1	retreating
1	retracted
1	retires
1	reticulation
1	retention
1	retardation
1	retard
1	resulting
1	restraint
1	restored
1	restorations
1	restlessness
1	restating
1	restatement
1	restate
1	respires
1	respire
1	respective
1	resown
1	resistance
1	resinous
1	requires
1	requirements
1	repulsed
1	reproductions
1	reproduced
1	reposing
1	repose
1	replaces
1	replace
1	repens
1	repeats
1	rengger
1	renewed
1	removal
1	reminded
1	remembering
1	remarking
1	religious
1	religion
1	relief
1	relied
1	relic
1	relatives
1	rejection
1	reindeer
1	regulations
1	regulate
1	regret
1	regards
1	refractive
1	refraction
1	reflects
1	referring
1	reevesii
1	reefs
1	reeds
1	reduces
1	recurved
1	recover
1	records
1	recording
1	reconversion
1	recondite
1	reconcile
1	recommended
1	reckoned
1	reckon
1	receptacles
1	receding
1	recapitulate
1	rebuild
1	reappeared
1	realms
1	reality
1	realised
1	realise
1	reagents
1	readiest
1	reacting
1	ravaged
1	rattachent
1	rational
1	rates
1	rarest
1	rapidity
1	rape
1	ran
1	ramsay's
1	ramond
1	ramifying
1	rambling
1	raisers
1	raiser
1	rainy
1	rainwater
1	radish
1	radcliffe
1	racehorse
1	quotes
1	quinary
1	quiet
1	qui
1	queens
1	quatrefages
1	quaternary
1	quartz
1	quartered
1	quarrelsome
1	quails
1	quail
1	quadruple
1	putting
1	puts
1	putridity
1	putrid
1	pursuing
1	purposely
1	purity
1	purest
1	purchase
1	pupil
1	puma
1	pulpy
1	pulp
1	pulling
1	pug
1	puffinuria
1	puff
1	publications
1	pubescens
1	pubescence
1	pterodactyles
1	ptarmigan
1	psychology
1	prudential
1	proximity
1	proximate
1	provisionally
1	provincial
1	protrude
1	proteus
1	protecting
1	proteaceae
1	prospect
1	proportioned
1	proportionately
1	property
1	propelling
1	proofs
1	pronunciation
1	prompt
1	promoted
1	promontory
1	promiscuously
1	prominence
1	progressively
1	progression
1	progressing
1	profusion
1	profuse
1	profoundest
1	prof
1	prodromus
1	proctotrupes
1	procreation
1	procreating
1	proclaims
1	procession
1	proceeds
1	probosciformed
1	problematical
1	pro
1	prizes
1	prize
1	prismatic
1	prior
1	prion
1	principally
1	primitive
1	primaries
1	prickly
1	prevalence
1	prevailed
1	pretends
1	pretending
1	presumptuous
1	presumptive
1	presumed
1	prestwich
1	press
1	preserves
1	prepared
1	prepare
1	prejudice
1	prehensive
1	preferring
1	preferences
1	prefer
1	predominence
1	predominant
1	prediction
1	predicament
1	precursor
1	preconceived
1	precision
1	precipices
1	precedes
1	precautions
1	prawns
1	pounds
1	pound
1	pouchet
1	pouch
1	potted
1	potentiality
1	potato
1	potamogeton
1	portillo
1	porcupine
1	populi
1	popular
1	poppy
1	poppies
1	poorer
1	pool
1	ponticum
1	pontella
1	polypi
1	polyerges
1	polished
1	polemoniaceae
1	polecats
1	pole
1	poisoned
1	pneumaticus
1	plus
1	pliny's
1	pleuronectoids
1	pleases
1	playing
1	plastering
1	plaster
1	planter
1	plantaginea
1	planorbis
1	plainness
1	plaice
1	placentation
1	placentata
1	placentalia
1	pippin
1	pipe
1	pink
1	pinguis
1	pines
1	pine
1	pimpernels
1	pimpernel
1	piling
1	pierced
1	picturing
1	pianoforte
1	physically
1	phylogeny
1	phosphatic
1	phosphate
1	philosophy
1	philosophically
1	philosopher
1	pheasant
1	phasianus
1	phase
1	petunia
1	pestilence
1	pertinacious
1	pertaining
1	persuaded
1	persons
1	personifying
1	personify
1	personally
1	personal
1	person
1	persistently
1	persevering
1	perseverance
1	perrier
1	perplexity
1	perpetuity
1	perpetuating
1	perpetuated
1	perpetuate
1	perpetual
1	perpendicular
1	permitting
1	permit
1	permission
1	perishing
1	periodically
1	pericarpe
1	performs
1	performance
1	perforated
1	perennial
1	percolation
1	perches
1	perch
1	perceives
1	penoeus
1	penguins
1	penetrated
1	pencil
1	pelorism
1	peloric
1	pellet
1	pelicans
1	pelargoniums
1	pedunculata
1	pedigrees
1	pecoris
1	pecking
1	peckers
1	pebble
1	pearly
1	peacocks
1	peaches
1	peaceful
1	patiently
1	patience
1	paternity
1	patches
1	patch
1	pastures
1	pasture
1	partridges
1	partook
1	partner
1	parthenogenetic
1	partakes
1	parsley
1	paris
1	parime
1	pared
1	parcels
1	paralysed
1	paralleled
1	paradise
1	parade
1	parachute
1	pappus
1	papilionaceae
1	papers
1	papaver
1	panicle
1	paltry
1	palms
1	pallasian
1	paley
1	pale
1	pairing
1	paired
1	painter
1	pain
1	pages
1	page
1	paddle
1	packet
1	pacini
1	oysters
1	owners
1	owner
1	owned
1	owls
1	owes
1	ovum
1	ovipositor
1	overwhelming
1	overwhelmed
1	overweening
1	overtopping
1	overflows
1	overflow
1	oval
1	ouzel
1	outside
1	outnumbered
1	outlast
1	outermost
1	ours
1	ou
1	otter
1	oswald
1	osteological
1	oscillation
1	oscillating
1	ornithorhyncus
1	ornaments
1	ornamental
1	ornament
1	ordinations
1	ordination
1	ordered
1	orchis
1	orchidean
1	optics
1	opportunities
1	opinions
1	ophiurians
1	operations
1	operation
1	opens
1	onto
1	ononis
1	onites
1	onion
1	one's
1	oleaeformis
1	offsets
1	officinalis
1	offence
1	oenas
1	odious
1	oddly
1	oddest
1	odd
1	occupies
1	occupation
1	occult
1	obstinately
1	obstinacy
1	obstacles
1	obliteration
1	obliged
1	obligations
1	obligation
1	obey
1	oatmeal
1	oars
1	nuts
1	nutrition
1	nutlets
1	nut
1	nuptial
1	nuisance
1	nucula
1	nucleus
1	noxious
1	november
1	nova
1	noticing
1	nostril
1	northwest
1	northwards
1	norfolk
1	nodules
1	nocturnal
1	nitsche
1	ninth
1	nigra
1	night
1	nidification
1	niatas
1	neutralize
1	neutralise
1	nettles
1	nervures
1	neotoma
1	neilgherrie
1	neighbours
1	negroes
1	neglect
1	negative
1	needlessly
1	needle
1	needful
1	needed
1	nectarines
1	nectarine
1	nectaries
1	nearness
1	nay
1	navels
1	navel
1	nauplii
1	naturalized
1	naturalising
1	nations
1	nation
1	nathusius
1	natal
1	nail
1	nageli
1	mysteries
1	myrmecocystus
1	myriads
1	mylodon
1	myanthus
1	mutable
1	mutability
1	mutabile
1	mustela
1	mussels
1	mussel
1	muskrat
1	music
1	mushrooms
1	mus
1	murie
1	murderous
1	murchison's
1	multiformis
1	multiform
1	multifarious
1	mules
1	mozart
1	moving
1	moves
1	mounting
1	mound
1	moults
1	moulds
1	motor
1	motive
1	motacillae
1	morton's
1	mortality
1	morren
1	morphologie
1	morning
1	moritz
1	moraine
1	moquin
1	month's
1	mons
1	monotremes
1	monocotyledonous
1	mongrelized
1	monarchs
1	monarch
1	monachanthus
1	mon
1	momentous
1	moment's
1	molluscoidal
1	molluscae
1	molecular
1	molar
1	moistened
1	moist
1	moins
1	model
1	mockery
1	mock
1	mitigated
1	mitigate
1	mites
1	misunderstood
1	mistletoes
1	missel
1	misrepresented
1	misrepresentation
1	mislead
1	miserably
1	miserable
1	misconstrued
1	misapprehended
1	miracles
1	mirabilis
1	minutes
1	minuteness
1	minority
1	minimum
1	miniature
1	minerals
1	mineral
1	mimulus
1	mimic
1	millionth
1	millet
1	milked
1	mile
1	milder
1	migrates
1	microscopical
1	microscopic
1	micropterus
1	mexico
1	meteoric
1	metaphysicians
1	metaphor
1	metamorphism
1	messorius
1	merrill
1	merits
1	merionethshire
1	merino
1	meridians
1	merged
1	merganser
1	merganetta
1	mentions
1	mentioned
1	memory
1	meme
1	melting
1	melon
1	melodious
1	medusae
1	medico
1	medicinal
1	measuring
1	measurement
1	meal
1	meadows
1	meadow
1	mcdonnell
1	maxima
1	maupertuis'
1	matthiola
1	matteucci
1	mathematical
1	matching
1	match
1	mastodons
1	mastiff
1	massive
1	marvelling
1	marvelled
1	martin
1	martens
1	marsupium
1	marshalled
1	marriage
1	marly
1	mariners
1	marianne
1	marginal
1	marching
1	marbled
1	manuscripts
1	manuscript
1	mann
1	manifold
1	mane
1	manchester
1	manatee
1	mammoth
1	mamma
1	malm's
1	malconformations
1	malacostracan
1	malacca
1	majesty
1	magpie
1	magnificently
1	magnificent
1	magician's
1	magellan
1	macleay
1	machinery
1	luxuriantly
1	luxuriant
1	luxuriance
1	luteum
1	lustrous
1	lund
1	lulls
1	lucida
1	lucas'
1	lucas
1	lowness
1	loving
1	loved
1	loudly
1	lots
1	loosely
1	loops
1	longitude
1	logically
1	loges
1	loftier
1	loess
1	locular
1	lockwood
1	lobsters
1	lobe
1	loaded
1	load
1	lizard
1	livingstone
1	lithuania
1	literal
1	liquid
1	linum
1	linnean
1	lingering
1	lined
1	linear
1	limpid
1	limpet
1	limiting
1	limestone
1	lime
1	lilies
1	liked
1	ligurian
1	lighten
1	ligaments
1	ligament
1	lifted
1	lifetimes
1	lid
1	lichen
1	lias
1	lessens
1	lepsius
1	lepralia
1	lengthy
1	lemuridae
1	lemur
1	leicester
1	legume
1	legions
1	leeches
1	leech
1	lebanon
1	leathery
1	learning
1	leaps
1	leagues
1	leafy
1	leafstalks
1	leaflets
1	lava
1	laurence
1	laurel
1	laughter
1	laugher
1	latterly
1	lard
1	lanky
1	languishes
1	landrail
1	landois
1	landed
1	lanceolate
1	laminated
1	laminae
1	lamentin
1	lame
1	lamb
1	lacrymans
1	lachnanthes
1	laceratus
1	lacepede
1	labourious
1	labourers
1	koulan
1	kolreuter's
1	koala
1	kitty
1	kirby
1	kingfisher
1	king
1	kills
1	killing
1	kidneys
1	kicking
1	khan
1	key
1	kestrel
1	kernel
1	keenly
1	kangaroos
1	k
1	justifiable
1	justice
1	jurassic
1	jungermannia
1	juncus
1	jukes
1	juan
1	journal
1	jourdain
1	jostle
1	jones's
1	joint
1	joins
1	joining
1	johnston's
1	jerusalem
1	jarred
1	jackals
1	jackal
1	ix
1	iv
1	italics
1	issuing
1	irruption
1	irritated
1	irritability
1	irrespective
1	irregularities
1	iris
1	iran
1	iowa
1	involuntary
1	involucra
1	invoked
1	investigating
1	investigate
1	invested
1	inverted
1	inversion
1	invented
1	invent
1	invading
1	invaders
1	invade
1	inundated
1	intrusion
1	intruding
1	intrude
1	introduce
1	intricacy
1	intestinal
1	intervention
1	interstices
1	interspaces
1	interposition
1	intermittence
1	intermingle
1	intermedia
1	interlocking
1	interlock
1	interested
1	intercommunication
1	intently
1	intentionally
1	intensified
1	intense
1	intends
1	intellects
1	integrifolia
1	insured
1	insuperably
1	instruments
1	instructive
1	instituting
1	instantaneously
1	inspection
1	inspect
1	insist
1	insipient
1	insight
1	insertion
1	inroads
1	inquiry
1	inquiries
1	inosculation
1	innocent
1	injuriously
1	injuring
1	injure
1	injecting
1	ingenuity
1	infusorian
1	infusions
1	influential
1	inflexible
1	inflating
1	inflate
1	infers
1	inferring
1	inferiors
1	inferentially
1	infallible
1	inexorable
1	inexhaustible
1	inexactness
1	industrious
1	induces
1	indolent
1	individuality
1	individu
1	indistinct
1	indisputably
1	indiscriminately
1	indifferently
1	indifferent
1	indies
1	indians
1	indelible
1	incurably
1	incurable
1	inculcated
1	incubation
1	inconveniently
1	inconvenient
1	inconsiderable
1	incongruities
1	inconceivably
1	inconceivable
1	incompetence
1	incoherent
1	incisor
1	incidently
1	incident
1	incarnatum
1	incalculably
1	inarching
1	inactivity
1	inactive
1	imprisoning
1	imprison
1	impression
1	impregnated
1	implicitly
1	impels
1	impartiality
1	impaired
1	immovably
1	immovable
1	immigrant
1	imitator
1	imitating
1	imbricate
1	imagining
1	imaginations
1	illusion
1	illinois
1	iii
1	ii
1	ignored
1	ignore
1	ignited
1	idly
1	idle
1	identification
1	ideally
1	ideal
1	icy
1	ichneumon
1	ibla
1	hypothetically
1	hypothetical
1	hyperoodon
1	hyoseris
1	hydrophyllaceae
1	hydra
1	hybridizer
1	hybridized
1	hybridising
1	hybridisers
1	hybridiser
1	hyacinth
1	hutches
1	hurt
1	hurried
1	hunter
1	hunted
1	hungary
1	hundredths
1	hundredth
1	humming
1	humid
1	humblest
1	huber's
1	hovering
1	houses
1	household
1	hourly
1	hosts
1	horticulturist
1	horse's
1	hornbills
1	hopelessness
1	hooker's
1	hooded
1	honoured
1	honestly
1	homopterous
1	homoptera
1	homologues
1	holothuriae
1	hollows
1	holding
1	hogs
1	hofmeister
1	hocks
1	hivebees
1	historically
1	hissing
1	hippopotamus
1	hippoglossus
1	hippocampus
1	hippobosca
1	hinder
1	himalayas
1	himalayan
1	hillock
1	hilgendorf
1	hilaire's
1	highlands
1	hieracium
1	hides
1	hideous
1	hide
1	hicks
1	hexagon
1	hewitt
1	heusinger
1	hesitation
1	hesitating
1	hesitate
1	herself
1	herons
1	heron's
1	hereditarily
1	herds
1	herd
1	herbert's
1	henslow
1	hensen's
1	hens
1	hemp
1	helps
1	helosciadium
1	helmholtz
1	helianthemum
1	helena
1	held
1	heel
1	hedge
1	hector
1	heavily
1	heaviest
1	heaths
1	heather
1	heated
1	hearty
1	hearts
1	hears
1	hearne
1	heaped
1	headings
1	heading
1	hazel
1	haunts
1	haunted
1	hatches
1	harvested
1	hartung
1	harshly
1	harsh
1	harmony
1	harmonises
1	harmoniously
1	harmonious
1	harmlessly
1	hardy
1	hardness
1	hardish
1	harder
1	harcourt
1	harassing
1	harassed
1	happy
1	handful
1	handed
1	hampshire
1	hammers
1	hammering
1	hamilton
1	halved
1	halitherium
1	hairless
1	hairiness
1	haeckel
1	habitations
1	habitat
1	habitable
1	haast
1	gynobase
1	gymnotus
1	guillemots
1	guides
1	guidance
1	guiana
1	guarding
1	guanaco
1	grub
1	groundless
1	gross
1	grey
1	greenstone
1	greensand
1	greenish
1	greedily
1	grebes
1	grebe
1	grazing
1	gray's
1	gravid
1	gravely
1	gravels
1	grave
1	gratuitous
1	gratification
1	grassy
1	grapple
1	grapnels
1	grants
1	granting
1	grandmother
1	grandeur
1	grandchildren
1	grafts
1	graft
1	gracefully
1	graba
1	government
1	gosse
1	gordian
1	gooseberries
1	goodwood
1	gomphia
1	golden
1	godwin
1	god
1	gmelin
1	glued
1	glory
1	glories
1	glided
1	glasses
1	glasgow
1	glancing
1	gladness
1	glad
1	glabra
1	gizzard
1	girou
1	gifted
1	gestures
1	gervais
1	germinating
1	george
1	geometer
1	geographically
1	gentlest
1	gentlemen
1	genesis
1	generous
1	generelle
1	generalised
1	generalisation
1	geikie
1	gauge
1	gaudy
1	gaudry
1	gastric
1	gaston
1	garrulus
1	gardner
1	gap
1	ganglia
1	galvanism
1	gallinaceae
1	galaxias
1	gait
1	futile
1	fusion
1	furze
1	furrowed
1	furriers
1	furious
1	fungi
1	fundamentally
1	functionless
1	fumariaceous
1	fulmar
1	fuller's
1	fuegia
1	fuchsia
1	fructification
1	frill
1	frighten
1	friend
1	friction
1	frequents
1	frenum
1	freed
1	frederick
1	fraction
1	foxhound
1	fourteenth
1	founds
1	foundations
1	fouled
1	fostered
1	fossilised
1	forwards
1	fortuitous
1	fortnight
1	formative
1	forked
1	forever
1	foretell
1	forest
1	foreseen
1	foresee
1	forerunner
1	forearm
1	forcing
1	forcible
1	forcepses
1	forbes's
1	footstool
1	footsteps
1	footstalk
1	footed
1	followers
1	foliaceous
1	foetus
1	foaled
1	flysch
1	flyers
1	flycatcher
1	fluttering
1	flushed
1	fluids
1	flowerers
1	flowered
1	flower's
1	flounders
1	florists'
1	floral
1	flops
1	float
1	flitting
1	flint
1	flights
1	flexures
1	flemish
1	fleeter
1	flax
1	flavour
1	flatten
1	flatness
1	flash
1	flappers
1	flames
1	fishing
1	firm
1	fire
1	finishing
1	finish
1	finger
1	finch
1	fills
1	filling
1	filiation
1	filamentary
1	filament
1	fibres
1	fewness
1	fetched
1	fertilises
1	ferrets
1	ferociously
1	ferns
1	fernandez
1	felspar
1	feloniously
1	fellow
1	feline
1	feelings
1	feelers
1	fecundating
1	fecundated
1	february
1	feature
1	feather
1	fearful
1	favours
1	fault
1	fatten
1	fat
1	fastened
1	fashion
1	farther
1	farnham
1	fare
1	fancifully
1	fanciful
1	fancies
1	fancier's
1	famines
1	famine
1	falklands
1	fairness
1	fairer
1	faintly
1	faintest
1	faint
1	faculty
1	facilities
1	facilitate
1	facetted
1	facets
1	facet
1	eyesight
1	eyelid
1	eyeless
1	extremes
1	extracts
1	extensor
1	extensively
1	extensions
1	exported
1	exportation
1	explicit
1	experimentalist
1	expeditions
1	expectation
1	expands
1	expand
1	exogenous
1	exerts
1	exert
1	exercising
1	exercises
1	exemplifying
1	excretions
1	excreting
1	excretes
1	excrescences
1	exclude
1	exclaim
1	excites
1	excite
1	exchanges
1	excessive
1	exceptionally
1	exceeds
1	exceeded
1	excavations
1	excavating
1	exalted
1	exaggerations
1	evolve
1	evil
1	everything
1	everlasting
1	europeans
1	europaeo
1	eternity
1	estimating
1	establishment
1	establishing
1	esquimaux
1	eschwege
1	escarpments
1	escarpment
1	escaped
1	errors
1	equivalent
1	equine
1	equilibrium
1	equi
1	equals
1	equalled
1	epidermic
1	enveloping
1	enunciation
1	enunciated
1	enumerate
1	entry
1	entre
1	entrances
1	entombed
1	entitled
1	enthusiastic
1	enthusiasm
1	entertains
1	entertain
1	entails
1	ensured
1	enquiry
1	ennobled
1	enlarging
1	engrained
1	engidae
1	energetically
1	energetic
1	endures
1	endowments
1	endowing
1	endogenous
1	encyclopaedias
1	encyclopaedia
1	encumbered
1	encroach
1	enamelled
1	enamel
1	enabling
1	enables
1	enable
1	emu
1	employing
1	empirical
1	emphatic
1	emission
1	eminence
1	emigrate
1	emigrants
1	emerges
1	embraces
1	embarrassed
1	embalmed
1	elucidated
1	elliptic
1	ellipse
1	elliot
1	eliminates
1	elie
1	elevatory
1	elegans
1	elective
1	elect
1	elasticity
1	elaboration
1	ejected
1	eject
1	eighteenth
1	egyptians
1	effort
1	effectual
1	effectively
1	educated
1	edging
1	economical
1	eclipse
1	eciton
1	echinoneus
1	echinoderm
1	eaters
1	eater
1	east
1	earless
1	earl
1	eared
1	eagles
1	eagle's
1	dyticus
1	dyak
1	dwelling
1	dwarfs
1	dwarf
1	dusted
1	dusky
1	dugongs
1	ductus
1	ductile
1	duck's
1	dryness
1	droughts
1	dromedary
1	driving
1	drive
1	drink
1	drier
1	drew
1	dredge
1	dreams
1	dreamed
1	draught
1	drama
1	drainage
1	dragons
1	downy
1	downthrow
1	downing
1	dovecot
1	doubling
1	doubled
1	dose
1	dorsal
1	dorking
1	doors
1	door
1	doomed
1	donkeys
1	donkey
1	donc
1	dominating
1	domesticating
1	domestica
1	domain
1	dolphins
1	dogmatize
1	doctrines
1	docks
1	dock
1	divisible
1	divine
1	dive
1	disturbance
1	disturb
1	distortion
1	distorted
1	distinguishes
1	distinctions
1	distincter
1	distasteful
1	dissolves
1	dissimulation
1	dissimilarly
1	disseminate
1	dissection
1	disregard
1	disproportionally
1	dispositions
1	disposed
1	displeasure
1	displaying
1	displacing
1	displaced
1	dispassionate
1	dislocations
1	dislikes
1	dislike
1	disinterred
1	disgorge
1	disentombed
1	disentangle
1	diseases
1	discussions
1	discs
1	discriminated
1	discontinuous
1	discontinuity
1	discommunity
1	discern
1	disbelieves
1	disbeliever
1	disappointed
1	disadvantages
1	directed
1	dipsacus
1	dioptric
1	dioeciously
1	dioecious
1	diminishing
1	diminishes
1	dimensions
1	dim
1	diluvial
1	diligent
1	digression
1	digress
1	dignified
1	digits
1	digests
1	digestive
1	differentation
1	diatomaceae
1	diaphragm
1	diagonally
1	devotes
1	deviated
1	developing
1	detriment
1	determination
1	deterioration
1	deteriorated
1	detection
1	detailed
1	destroys
1	destroying
1	destined
1	despair
1	desolate
1	designation
1	design
1	deserved
1	desertas
1	descriptions
1	describe
1	des
1	deriving
1	derivative
1	derivation
1	deride
1	deprived
1	depressions
1	dependency
1	denying
1	densities
1	densest
1	denominations
1	denomination
1	demonstrative
1	demonstrated
1	demonstrably
1	demerits
1	demand
1	deliberate
1	dei
1	degrade
1	degenerating
1	degenerate
1	definitely
1	defines
1	definable
1	deference
1	deepening
1	deemed
1	deed
1	deductions
1	deduction
1	deduced
1	deduce
1	decorticated
1	declined
1	decline
1	declare
1	decked
1	decision
1	decidedly
1	deceptive
1	deception
1	deceitful
1	dean
1	deafness
1	deaf
1	days'
1	day's
1	date
1	dashing
1	darwin's
1	darker
1	darkened
1	dares
1	dans
1	dangling
1	dangers
1	dance
1	dana's
1	dams
1	dampness
1	dampest
1	damper
1	dam
1	d'orbigny
1	d'archiac
1	cytherea
1	cypris
1	cypripedium
1	cynthia
1	cylinders
1	cygnoides
1	cyclostoma
1	cyclops
1	cycles
1	cycle
1	cuttings
1	custom
1	curls
1	cured
1	cups
1	cup
1	cunningham
1	cumulative
1	cultivators
1	cultivator
1	cultivate
1	cud
1	cub
1	ctenomys
1	crystals
1	crystallisation
1	crystal
1	cryptocerus
1	crushing
1	crude
1	crown
1	crowds
1	crowded
1	crow
1	crooked
1	crocodile
1	critics
1	critic
1	criterions
1	cristatus
1	criblatores
1	crevices
1	crept
1	creeping
1	creeper
1	creative
1	cream
1	crawls
1	craven
1	cranes
1	craft
1	cracks
1	crackers
1	cracked
1	crack
1	coypu
1	coverings
1	cover
1	cousins
1	courtly
1	court
1	couple
1	county
1	counterfeiters
1	countenances
1	count
1	coughs
1	cotyledon
1	cosmogonists
1	corymb
1	corydalis
1	corroborate
1	corresponds
1	correspondingly
1	correlate
1	correctness
1	corollas
1	corollary
1	corncrakes
1	corn
1	cord
1	corals
1	corallines
1	coralline
1	coots
1	coot
1	coo
1	convey
1	conversed
1	converse
1	conveniently
1	convalescence
1	controlled
1	contradistinction
1	contradictions
1	contents
1	consumption
1	consulting
1	consulted
1	consultation
1	construct
1	constrictor
1	constitutes
1	constellations
1	console
1	consistent
1	conscientiously
1	conscientious
1	conqueror
1	conquering
1	connoisseur
1	connarus
1	connaraceae
1	conjugate
1	conical
1	congregate
1	conglomerates
1	congener
1	confluent
1	confessedly
1	confervae
1	cone
1	condescended
1	concurrence
1	concourse
1	conclusively
1	concern
1	concentrating
1	concentrated
1	concentrate
1	conceiving
1	concealment
1	concave
1	comrades
1	compulsion
1	compsognathus
1	compressed
1	compose
1	complication
1	completeness
1	complemental
1	complained
1	competed
1	compensate
1	compels
1	compatriot
1	compass
1	comparably
1	companion
1	compact
1	comorin
1	communicate
1	commingling
1	commingled
1	commingle
1	commerce
1	commencing
1	commences
1	commanded
1	command
1	combustible
1	combining
1	combines
1	combine
1	colymbetes
1	columnae
1	colts
1	colourless
1	colonise
1	colonies
1	collins
1	collar
1	colds
1	colchicus
1	coincident
1	coincide
1	cohering
1	coerulea
1	codlin
1	cocoons
1	cocks
1	cockroach
1	cockles
1	cockfighter
1	cochineal
1	cocci
1	cobs
1	cobra
1	cobites
1	coal
1	coadapted
1	coadaptations
1	cnestis
1	clypeata
1	cluster
1	clung
1	clump
1	clubs
1	clouds
1	cling
1	climbs
1	climax
1	climatic
1	clift
1	clearness
1	clearer
1	cleansed
1	clays
1	claw
1	clausen
1	clasping
1	claspers
1	clasp
1	claparede
1	clamouring
1	claim
1	clad
1	civilising
1	cited
1	circumference
1	circulatory
1	circulation
1	circulating
1	circular
1	circling
1	cilia
1	cicadae
1	chuckle
1	chthamalinae
1	chose
1	choosing
1	choking
1	choked
1	choicest
1	chloeon
1	chitons
1	chisel
1	chirurgical
1	chill
1	chew
1	chest
1	cherry
1	chequered
1	chenalopex
1	chemists
1	cheering
1	chase
1	charlock
1	charles'
1	charge
1	characteristically
1	chambered
1	chalked
1	cetacean
1	cervulus
1	certainty
1	cereals
1	cephalopodic
1	centipede
1	censured
1	cemented
1	celebes
1	ceasing
1	cavity
1	cavities
1	cautley's
1	cautioned
1	caution
1	cauliflower
1	catawbiense
1	catastrophes
1	catalogues
1	cataclysms
1	cataclysm
1	cast
1	caspian
1	carunculated
1	cartilaginous
1	carthamus
1	carrot
1	carpenter
1	caroline
1	carices
1	careless
1	careered
1	career
1	cardoon
1	carcasses
1	caraccas
1	capybara
1	capturing
1	captivity
1	captivates
1	capping
1	capes
1	capense
1	capacities
1	canines
1	candolle's
1	canal
1	campestris
1	campbell
1	cameroon
1	camera
1	calves
1	calculations
1	calculation
1	calculating
1	calculated
1	cakes
1	cake
1	cage
1	caccabis
1	cabinet
1	cabbages
1	buzareingues
1	bustard
1	burst
1	burnt
1	burgess
1	burdens
1	burdened
1	bulkier
1	bulb
1	bugs
1	bug
1	bufonius
1	buddings
1	budded
1	buckley
1	buckland
1	brutal
1	brushwood
1	bruce's
1	browsers
1	broody
1	broke
1	broca
1	broadly
1	bristly
1	brighton
1	briefest
1	bridge
1	brethren
1	brent
1	brehm
1	breathes
1	breathed
1	breakfast
1	brave
1	braun
1	brambles
1	bramble
1	bracteatum
1	brachiopoda
1	boue
1	bottoms
1	botany
1	bosquet
1	bos
1	bory
1	borrow
1	bores
1	bordered
1	border
1	booty
1	book
1	bonin
1	bombyx
1	bolt
1	boisterous
1	bohemia
1	boa
1	blunders
1	blows
1	blooded
1	blocks
1	blenheim
1	blanks
1	blackbird
1	bituminous
1	bitten
1	bits
1	birch
1	biennial
1	bidens
1	betwixt
1	betrays
1	betraying
1	betray
1	bespeaks
1	beside
1	berry
1	berkeley's
1	berardi
1	bent
1	benefits
1	benefited
1	beneficent
1	bellowing
1	bell
1	belgium
1	being's
1	beholder
1	beheld
1	behaviour
1	beg
1	bee's
1	beaver
1	beauty's
1	beaumont
1	bearings
1	beard
1	beach
1	battling
1	battery
1	bathyscia
1	bathed
1	bath
1	bastardised
1	bastard
1	based
1	baron
1	barnacle
1	barley
1	barest
1	barberry
1	barbarians
1	barbarian
1	bantams
1	bantam
1	banks
1	banished
1	banish
1	bandicoots
1	band
1	bamboo
1	baltic
1	balloon
1	balanidae
1	balancement
1	bakewell's
1	baker
1	baga
1	baer's
1	badly
1	badius
1	backed
1	babington
1	azotic
1	aylesbury
1	axiom
1	axe
1	awns
1	avoiding
1	averages
1	availed
1	autumn
1	authorized
1	author's
1	austen
1	aurochs
1	aulicum
1	augmenting
1	auditory
1	attributing
1	attributes
1	attracts
1	attica
1	attested
1	attenuatus
1	attends
1	attendance
1	attend
1	attempts
1	attains
1	atra
1	atolls
1	atmospheric
1	atmosphere
1	ate
1	astronomer
1	astonished
1	assuring
1	assurance
1	assist
1	assignable
1	asses
1	aspicarpa
1	aspect
1	asparagus
1	ash
1	asexually
1	asclepias
1	asclepiads
1	ascension
1	arvensis
1	artichoke
1	arrow
1	arrindia
1	arrangements
1	armour
1	armorial
1	armata
1	armadillos
1	armadilloes
1	arises
1	arguing
1	argues
1	argillaceous
1	arcticus
1	architecture
1	archetypal
1	arches
1	arch
1	arboreal
1	aralo
1	arabs
1	arabian
1	apricot
1	appurtenances
1	approximate
1	appropriateness
1	appreciation
1	appreciated
1	applying
1	apples
1	appendage
1	aplacentata
1	aplacentalia
1	apical
1	aphorism
1	apes
1	apelles
1	anyhow
1	anxious
1	antler
1	antirrhinideae
1	antipode
1	antics
1	anticipation
1	anticipate
1	antelopes
1	antechinus
1	antecedent
1	anteater
1	anophthalmus
1	anomma
1	annua
1	announced
1	annihilates
1	angular
1	andean
1	ancylus
1	anchors
1	ancestors
1	anatomists
1	anatomical
1	analogues
1	anagallis
1	amputated
1	amphioxus
1	amphibians
1	amounts
1	amounting
1	amended
1	amblyopsis
1	ambiguously
1	amazon
1	amateurs
1	alternation
1	alterations
1	alphonse
1	allusions
1	alludes
1	allocating
1	alligators
1	alisma
1	alimentary
1	alighting
1	alexander
1	albumen
1	albinos
1	alarmed
1	alarm
1	akber
1	aix
1	aiding
1	agriculturists
1	agriculturalists
1	agreeable
1	agouti
1	agitation
1	agitated
1	aggregates
1	agglutinated
1	agents
1	agassiz's
1	affixed
1	affair
1	aerating
1	aegyptian
1	adoxa
1	adoption
1	adopt
1	adolf
1	admonition
1	admiring
1	adjusting
1	adjusted
1	adjoins
1	adjacent
1	adherent
1	adduce
1	acutest
1	acuminata
1	actively
1	acknowledging
1	acetabulum
1	accused
1	accounting
1	accordant
1	accommodated
1	acclimatization
1	access
1	accepting
1	accept
1	acceleration
1	accelerate
1	acaridae
1	abstraction
1	absorption
1	absorbing
1	abounded
1	aborigines
1	abjectly
1	abilities
1	abhorrent
